,Target,Gloss,lemma,lemma1,mor,mor2
1,mhm,mhm,mhm,mhm,co,NA
2,mhm,mhm,,,,
3,eh,eh,eh,eh,co,NA
4,ah,ha,ha,ha,co,NA
5,a,at,at,at,prep,NA
6,maman,mom,mom,mom,n,prop
7,coucou,hello,hello,hello,co,NA
8,ma,my,my,my,co,NA
9,regarde,looked,look,look,co,NA
10,non,no,no,no,qn,NA
11,là,the,the,the,det,art
12,ouais,yeah,yeah,yeah,co,NA
13,allo,hello,hello,hello,co,NA
14,tiens,here,here,here,adv,NA
15,mh,mh,,,,
16,boum,bang,bang,bang,n,NA
17,encore,again,again,again,adv,NA
18,tétine,nipple,nipple,nipple,n,
19,oh,oh,oh,oh,co,NA
20,ouh,ooh,ooh,ooh,v,NA
21,ma,my,,,,
22,euh,uh,uh,uh,n,prop
23,hein,huh,huh,huh,co,NA
24,hi,hi,hi,hi,co,NA
25,ça,it,it,it,pro,per
26,ah,ah,,,,
27,pas,not,not,not,neg,NA
28,vache,cow,cow,cow,n,NA
29,yeux,eyes,eye,eye,n,NA
30,je,i,i,i,n,let
31,veux,want,want,want,v,NA
32,balle,ball,ball,ball,n,NA
33,moi,i,i,i,n,let
34,meuh,moo,moo,moo,on,NA
35,bravo,well done,well done,well done,adv,
36,voir,see,see,see,v,NA
37,là-haut,over there,over there,over there,dir,
38,donner,give,give,give,v,NA
39,ouvrir,open,open,open,adj,NA
40,boire,drink,drink,drink,n,NA
41,enlever,take off,take off,take off,v,
42,papa,dad,dad,dad,n,prop
43,là-bas,over there,over there,over there,dir,
44,il,he,he,he,pro,sub
45,est,is,be,be,aux,NA
46,viens,come,come,come,v,NA
47,tic,tic,tick,tick,on,
48,tac,tock,tock,tock,on,NA
49,pain,bread,bread,bread,n,NA
50,oui,yes,yes,yes,co,NA
51,voilà,here,here,here,adv,NA
52,pomme,apple,apple,apple,n,NA
53,une,a,a,a,det,art
54,mm,mm,mm,mm,co,NA
55,non,no,no,no,qn,
56,celui,that,that,that,det,
57,un,a,a,a,det,art
58,elle,she,she,she,pro,sub
59,la,the,the,the,det,art
60,fait,made,make,make,v,NA
61,caca,poop,poo,poop,n,NA
62,chien,dog,dog,dog,n,NA
63,mm,mm,,,,
64,miam,yum,yum yum,yum,co,NA
65,pot,pot,pot,pot,adj,NA
66,rien,nothing,nothing,nothing,pro,indef
67,berk,yuck,yuck,yuck,adj,NA
68,pff,pff,,,,
69,toc,fake,fake,fake,adj,NA
70,clac,bed,bed,bed,n,NA
71,crac,crack,crack,crack,v,NA
72,meuh,moo,moo,moo,on,
73,miaou,meow,meow,meow,on,NA
74,mets,dish,dish,dish,n,NA
75,à,at,at,at,prep,NA
76,hop,hop,hop,hop,n,NA
77,tracteur,tractor,tractor,tractor,n,NA
78,pour,for,for,for,prep,NA
79,aller,go,go,go,v,NA
80,bon,well,well,well,n,NA
81,coccinelle,ladybug,ladybug,lady+bug,n,NA
82,cuillère,spoon,spoon,spoon,n,NA
83,Babar,babar,babar,babar,n,prop
84,ballon,ball,ball,ball,n,NA
85,boule,ball,ball,ball,n,NA
86,en_haut,up,up,up,adv,NA
87,en,in,in,in,prep,NA
88,haut,high,high,high,n,NA
89,gros,large,large,large,adj,NA
90,rond,round,round,round,adv,NA
91,dom,dom,,,,
92,ding,ding,ding,ding,v,NA
93,et,and,and,and,coord,NA
94,tête,head,head,head,n,NA
95,cache+cache,cache cache  ,peekaboo,peekaboo,co,
96,où,or,or,or,coord,NA
97,camion,truck,truck,truck,n,NA
98,grand,tall,tall,tall,adj,NA
99,eau,water,water,water,n,NA
100,y,there,there,there,adv,NA
101,d'accord,okay,okay,okay,co,NA
102,j'en,i,i,i,n,let
103,tire,drawn,draw,draw,v,NA
104,toi,you,you,you,pro,per
105,chaussons,slippers,slipper,slipper,n,NA
106,peu,little,little,little,adj,NA
107,Barbapapa,barbapapa,,,,
108,les,the,the,the,det,art
109,éh,éh,,,,
110,voiture,car,car,car,n,NA
111,Nat,nat,nat,nat,n,prop
112,dada,hobbyhorse,horse,horse,n,
113,au,at,at,at,prep,NA
114,trot,trot,trot,trot,v,
115,hoplà,hopla,look out,look out,int,
116,ronds,round,round,round,adv,NA
117,Winnie,winnie,winnie,winnie,n,prop
118,Petit_Rond,Petit_Rond,Petit_Rond,Petit_Rond,n,prop
119,le,the,the,the,det,art
120,cache,hidden,hide,hide,n,NA
121,attention,careful,careful,careful,co,
122,Nanou,nanou,nanou,nanou,n,prop
123,copain,boyfriend,boyfriend,boyfriend,n,NA
124,lapin,rabbit,rabbit,rabbit,n,NA
125,chemin,path,path,path,n,NA
126,aïe,ouch,ouch,ouch,co,NA
127,donne,give,give,give,v,
128,tut@o,beep,beep,beep,n,NA
129,comme,as,as,as,adv,NA
130,pinpon@o,neenaw,neenaw,,co,
131,Pinpon,pinpon,pinpon,,n,prop
132,l'eau, water, water,,n,
133,hm,hm,hm,hm,co,NA
134,papi,grandpa,grandpa,grandpa,n,prop
135,bain,bath,bath,bath,n,NA
136,hibou,owl,owl,owl,n,NA
137,beau,handsome,handsome,,adj,
138,moto,motorbike,motorcycle,,n,
139,Tigrou,tigger,tigger,tigger,n,prop
140,bébé,baby,baby,baby,n,NA
141,pipi,pee,pee,pee,n,NA
142,tortue,tortoise,tortoise,,n,
143,chocolat,chocolate,chocolate,chocolate,n,NA
144,loup,wolf,wolf,wolf,n,NA
145,pleure,cry,cry,cry,v,NA
146,poisson,fish,fish,fish,n,NA
147,doux,soft,soft,soft,adj,NA
148,maintenant,now,now,now,adv,NA
149,lion,lion,lion,lion,n,NA
150,hippopotame,hippopotamus,hippopotamus,hippopotamus,n,NA
151,grr,grr,grrr,grr,co,NA
152,tigre,tiger,tiger,tiger,n,NA
153,zèbre,zebra,zebra,zebra,n,NA
154,Cache_Cache,peekaboo,peekaboo,,co,
155,Rond,round,round,round,adv,NA
156,petit,small,small,small,adj,NA
157,disque,disk,disk,,n,
158,c'est,it is,is,,aux,
159,alors,so,so,so,adv,NA
160,fais,do,do,do,mod,NA
161,rat,rat,rat,rat,n,NA
162,éléphant,elephant,elephant,elephant,n,NA
163,mon,my,my,my,co,NA
164,des,of the,of,,prep,
165,rats,rats,rat,rat,n,NA
166,vu,seen,see,see,v,NA
167,verra,will,will,will,mod,NA
168,licorne,unicorn,unicorn,unicorn,n,NA
169,noir,black,black,black,adj,NA
170,soir,evening,evening,evening,n,NA
171,souris,mouse,mouse,mouse,n,NA
172,dans,in,in,in,prep,NA
173,nage,swim,swim,swim,n,NA
174,petits,small,small,small,adj,NA
175,poissons,fish,fish,,n,
176,que,than,than,than,prep,NA
177,charmant,charming,charming,,adj,
178,content,happy,happy,happy,adj,NA
179,sabot,shoe,shoe,shoe,n,NA
180,sapin,fir,tree,,n,
181,pâtes,pasta,pasta,pasta,n,NA
182,top,top,top,top,n,NA
183,Michalak,michalak,michalak,,n,prop
184,très,very,very,very,adv,NA
185,Tatan,tatan,tatan,,n,prop
186,train,train,train,train,n,NA
187,Babou,babou,babou,,n,prop
188,garde,keep,keep,keep,v,NA
189,allume,alight,light,,v,
190,éteindre,switch off,switch,,v,
191,Jea,jea,jea,,n,prop
192,Jean,jeans,jeans,jeans,n,NA
193,Nathan,nathan,nathan,,n,prop
194,one,one,one,one,pro,indef
195,es,is,is,,aux,
196,fou,crazy,crazy,NA,NA,NA
197,veut,wants,want,want,v,NA
198,dodo,sleep,sleep,,n,
199,attaque,attack,attack,attack,n,NA
200,chausson,slipper,slipper,slipper,n,NA
201,manger,eat,eat,eat,v,NA
202,verre,glass,glass,glass,n,NA
203,ronde,round,round,round,adv,NA
204,du,of,of,of,prep,NA
205,jaune,yellow,yellow,yellow,adj,NA
206,lui,him,him,him,pro,obj
207,bleu,blue,blue,blue,adj,NA
208,de,of,of,of,prep,NA
209,vert,green,green,green,adj,NA
210,plus,more,more,more,pro,indef
211,nez,nose,nose,nose,n,NA
212,coule,flows,flow,,v,
213,là,there,there,,adv,
214,ou,or,or,or,coord,NA
215,dessin,drawing,draw,draw,v,NA
216,quand,when,when,when,conj,NA
217,Stéphane,stéphane,stéphane,,n,prop
218,musique,music,music,music,n,NA
219,moulin,mill,mill,mill,n,NA
220,pied,foot,foot,foot,n,NA
221,bateau,boat,boat,boat,n,NA
222,rivière,river,river,river,n,NA
223,sur,sure,sure,sure,adj,NA
224,jouer,play,play,play,n,NA
225,rentre,returns,return,,v,
226,elles,they,they,they,pro,sub
227,sont,are,be,be,aux,NA
228,bleues,blue,blue,blue,adj,NA
229,chaussure,shoe,shoe,shoe,n,NA
230,enfants,children,child,child,n,NA
231,tortues,turtles,turtle,turtle,n,NA
232,quoi,what,what,what,pro,int
233,roue,wheel,wheel,wheel,v,NA
234,celle-là,that one,that,,det,
235,celle,that,that,that,pro,dem
236,gris,grey,gray,gray,adj,NA
237,quatre,four,four,four,det,num
238,écrit,written,write,,v,
239,peur,fear,fear,fear,n,NA
240,trou,hole,hole,hole,n,NA
241,Zou,zou,zou,,n,prop
242,parti,left,leave,leave,n,NA
243,ses,his,his,his,det,poss
244,pattes,paws,paw,paw,n,NA
245,Yvan,yvan,yvan,,n,prop
246,Oh,oh,oh,oh,co,NA
247,partout,all over,everywhere,,adv,
248,porte,door,door,door,n,NA
249,dort,sleeps,sleep,sleep,adj,NA
250,dur,hard,hard,hard,adv,NA
251,pont,bridge,bridge,bridge,n,NA
252,pile,battery,battery,battery,n,NA
253,loupe,magnifying glass,magnifying glass,,n,
254,atchoum,atchoum,achoo,,co,
255,parce,by,by,by,prep,NA
256,main,hand,hand,hand,n,NA
257,trois,three,three,three,det,num
258,au_revoir,goodbye,good bye,NA,NA,NA
259,dent,tooth,tooth,tooth,n,NA
260,pleut,rains,rain,,v,
261,Maman,mom,mom,mom,n,prop
262,l'igloo, igloo,igloo,,n,
263,épée,sword,sword,sword,n,NA
264,Georges,georges,georges,,n,prop
265,papy,grandpa,grandpa,grandpa,n,prop
266,début,beginning,beginning,beginning,n,NA
267,cou,neck,neck,neck,n,NA
268,l'oeil, eye,eye,,n,
269,oreilles,ears,ear,ear,n,NA
270,ouaf,woof,woof woof,woof,on,NA
271,coin,corner,corner,corner,n,NA
272,chat,cat,cat,cat,n,NA
273,loin,far,far,far,adv,NA
274,oiseau,bird,bird,bird,n,NA
275,retire,took of,take,,v,
276,loin,far,far,,adv,
277,bisou,kiss,kiss,kiss,n,NA
278,Papa,dad,dad,dad,n,prop
279,bonjour,hello,hello,hello,co,NA
280,chercher,look for,look for,,v,
281,partit,left,leave,,v,
282,faire,do,do,do,mod,NA
283,jeu,game,game,game,n,NA
284,ici,here,here,here,adv,NA
285,peinture,painting,painting,NA,NA,NA
286,deux,two,two,,det,num
287,bé,baa,baa,,co,
288,coin+coin,quack quack,quack quack,,co,
289,cochon,pig,pig,pig,n,NA
290,ai,have,have,have,v,NA
291,dessiner,draw,draw,draw,v,NA
292,court,short,short,short,adj,NA
293,retourne,return,return,return,v,NA
294,qui,who,who,who,pro,int
295,Rémi,rémi,rémi,,n,prop
296,as,ace,ace,,n,
297,masque,mask,mask,,n,
298,beurre,butter,butter,butter,n,NA
299,merci,thank you,thank you,,co,
300,on,we,we,we,pro,sub
301,parle,speak,speak,speak,v,NA
302,descendre,go down,go down,,v,
303,coeur,heart,heart,heart,n,NA
304,paon,peacock,peacock,peacock,n,NA
305,jus,juice,juice,juice,n,NA
306,envie,want,want,,v,
307,sac,bag,bag,bag,n,NA
308,pourquoi,why,why,why,adv,int
309,tartine,tart,cake,,n,
310,lait,milk,milk,milk,n,NA
311,bas,low,low,low,n,NA
312,j'ai,have,have,,v,
313,chaud,hot,hot,hot,adj,NA
314,pardon,sorry,sorry,sorry,co,NA
315,chaussette,sock,sock,sock,n,NA
316,chaussettes,socks,sock,sock,n,NA
317,en_bas,below,below,below,prep,NA
318,lire,read,read,read,part,NA
319,histoire,history,history,history,n,prop
320,Zouzou,zouzou,zouzou,,n,prop
321,avec,with,with,with,prep,NA
322,bonbon,candy,candy,candy,n,NA
323,Papou,papuan,papuan,,n,prop
324,ait,has,have,have,v,NA
325,fantôme,ghost,ghost,ghost,n,NA
326,ce,this,this,this,pro,dem
327,bruit,noise,noise,noise,adj,NA
328,tu,you,you,you,pro,per
329,lunettes,glasses,glasses,glass,n,NA
330,gouttes,drops,drop,drop,n,NA
331,pieds,feet,foot,foot,n,NA
332,attends,wait,wait,,v,
333,mes,my,my,my,co,NA
334,perdu,lost,lose,lose,part,NA
335,mangé,eat,eat,eat,v,NA
336,cuisine,cooked,cook,cook,n,NA
337,joue,play,play,play,n,NA
338,ta,your,your,your,det,poss
339,château,castle,castle,castle,n,NA
340,nager,swim,swim,swim,n,NA
341,va,go,go,go,v,NA
342,fermer,close,close,close,v,NA
343,donnez,give,give,give,v,NA
344,peux,can,can,can,mod,NA
345,couteau,knife,knife,knife,n,NA
346,espèce,species,species,,n,
347,pamplemousse,grapefruit,grapefruit,,n,
348,aussi,too,too,too,post,NA
349,roi,king,king,king,n,NA
350,mal,wrong,wrong,wrong,adj,NA
351,ventre,belly,belly,belly,n,NA
352,oh_hisse,hiss,hiss,,co,
353,mais,but,but,but,conj,NA
354,n'ai,have,have,have,v,NA
355,ours,bear,bear,bear,n,NA
356,koala,koala,koala,koala,n,NA
357,Chi,chi,chi,,n,prop
358,cheval,horse,horse,horse,n,NA
359,cochon+d+inde,guinea pig,guinea pig,,n,
360,clic,click,click,click,n,NA
361,mignon,cute,cute,cute,adj,NA
362,pique,prick,prick,,v,
363,stop,stop,stop,stop,n,NA
364,chanson,song,song,song,n,NA
365,caché,hidden,hide,hide,n,NA
366,carotte,carrot,carrots,carrot,n,NA
367,gruyère,gruyere,gruyere,,n,
368,ouais,yeah,yes,,co,
369,eh,eh,,,,
370,doudou,teddy,teddybear,teddy,n,NA
371,bientôt,soon,soon,soon,adj,NA
372,oh,oh,,,,
373,allô,hello,hello,hello,co,NA
374,crabe,crab,crab,crab,n,NA
375,poum,boom,boom,,co,
376,gâteau,cake,cake,cake,n,NA
377,nounours,teddy bear,teddybear,,n,
378,Lulu,lulu,lulu,lulu,n,prop
379,rouge,red,red,red,adj,NA
380,pouf,puff,puff,,co,
381,Amélie,,amelie,,n,prop
382,chambre,bedroom,bedroom,bed+room,n,NA
383,guili,guili,,,,
384,jouet,toy,toy,toy,n,NA
385,cocorico,cock-a-doodle doo,cockadoodledoo,,co,
386,l'enfant,child,child,,n,
387,poupon,baby,baby,,n,
388,tombé,falls,fall,fall,v,NA
389,coucou,peekaboo,peekaboo,,co,
390,ah-là-là,oh my,oh my,,int,
391,merci,thank you,thank you,,co,
392,carton,cardboard,cardboard,,n,
393,vois,see,see,see,v,NA
394,lis,lily,lily,lily,n,prop
395,escargot,snail,snail,snail,n,NA
396,abeille,bee,bee,bee,n,NA
397,garçon,boy,boy,boy,n,NA
398,appareil,camera,camera,,n,
399,photo,photo,camera,,n,
400,fermé,closed,close,close,v,NA
401,maison,house,house,house,n,NA
402,tchou,choo,choo choo,choo,on,NA
403,promener,walk,walk,walk,n,NA
404,côté,side,side,side,n,NA
405,chaise,chair,chair,chair,n,NA
406,rigolo,fun,fun,fun,adj,NA
407,monter,ascend,climb,,v,
408,micro,microphone,microphone,microphone,n,NA
409,grottes,caves,cave,cave,n,NA
410,couin@o,quack,quack quack,quack,n,NA
411,si,if,if,if,conj,NA
412,cocotte,hen,hen,,n,
413,j'arrive,come,come,,v,
414,rrr,rrr,grr,,co,
415,autre,other,other,other,qn,NA
416,poussin,chick,chick,chick,n,NA
417,cassé,broken,break,break,v,NA
418,bavoir,bib,bib,bib,n,NA
419,comment,how,how,,int,
420,Théotime,théotime,théotime,,n,prop
421,tatie,aunt,aunt,aunt,n,NA
422,fini,finished,finish,finish,part,NA
423,café,coffee,coffee,coffee,n,NA
424,si_il_te_plaît,please,please,please,co,NA
425,oui,yes,yes,,co,
426,cacher,hide,hide,hide,n,NA
427,houp,houp,wow,,co,
428,coincé,stuck,stuck,,adv,
429,girafe,giraffe,giraffe,giraffe,n,NA
430,bâton,stick,stick,stick,n,NA
431,sa,her,her,her,pro,obj
432,banane,banana,banana,banana,n,NA
433,lune,moon,moon,moon,n,NA
434,étoile,star,star,star,n,NA
435,l'âne,donkey,donkey,,n,
436,cocorrico@o,cock_a_doodle_doo,cockadoodledoo,cock+a+doodle+doo,on,NA
437,coq,cock,cock,cock,on,NA
438,Tchoupi,tchoupi,tchoupi,,n,prop
439,arrive,come,come,come,v,NA
440,tourne,turned,turn,turn,n,NA
441,livre,delivered,deliver,deliver,v,NA
442,vroum,vroom,vroom,vroom,co,NA
443,lourd,heavy,heavy,heavy,adj,NA
444,où,or,or,,coord,
445,tut,silent,silent,,v,
446,ouïe,hearing,hearing,NA,NA,NA
447,grenouille,frog,frog,frog,n,NA
448,araignée,spider,spider,spider,n,NA
449,chut,hush,hush,hush,co,NA
450,mouton,sheep,sheep,sheep,n,NA
451,allô,hello,hello,,co,
452,kangourou,kangaroo,kangaroo,kangaroo,n,NA
453,quelle,what,what,what,pro,int
454,couleur,color,color,color,n,NA
455,couché,sleep,sleep,,v,
456,carte,menu,menu,,n,
457,rose,pink,pink,pink,adj,NA
458,Gourou,Gourou,Gourou,,n,prop
459,asseoir,sit,sit,sit,v,NA
460,Spot,spot,spot,spot,n,NA
461,spot,spot,spot,spot,n,NA
462,cadeau,gift,gift,gift,n,NA
463,poule,hen,hen,hen,n,NA
464,trop,too much,too much,,adv,
465,bing,bing,bing,bing,on,NA
466,par,by,by,by,prep,NA
467,sapins,firs,tree,,n,
468,ça,it,it,,det,
469,poupée,doll,doll,doll,n,NA
470,tombe,falls,fall,fall,v,NA
471,étiquette,label,label,,n,
472,faim,hungry,hungry,,adj,
473,morceau,piece,piece,piece,n,NA
474,boite,box,box,box,n,NA
475,poignée,handle,handle,handle,n,NA
476,cousu,stitched,sew,,v,
477,vélo,bike,bike,bike,n,NA
478,pousser,push,push,push,n,NA
479,heuh,heuh,,,,
480,oreille,hear,hear,hear,v,NA
481,front,forehead,forehead,forehead,n,NA
482,doigt,finger,finger,finger,n,NA
483,dos,back,back,back,adv,NA
484,écureuil,squirrel,squirrel,squirrel,n,NA
485,pin,pine,pine,pine,n,NA
486,tient,is holding,hold,,v,
487,canard,duck,duck,duck,n,NA
488,éponge,sponge,sponge,sponge,n,NA
489,frotte,rub,rub,rub,v,NA
490,marteau,hammer,hammer,hammer,n,NA
491,oeufs,eggs,egg,egg,n,NA
492,farine,flour,flour,flour,n,NA
493,chapeau,hat,hat,hat,n,NA
494,rateau,rake,rake,rake,v,NA
495,balance,balance,balance,balance,v,NA
496,Popi,popi,popi,,n,prop
497,patte,paw,paw,paw,n,NA
498,range,tidy,tidy,,v,
499,touché,touch,touch,touch,v,NA
500,cassée,broken,break,break,v,NA
501,éteint,off,off,off,adv,NA
502,broum,broum,vroom,,co,
503,appuyé,press,press,,v,
504,pantalon,trousers,trousers,,n,
505,collé,glue,glue,glue,n,NA
506,roule,rolled,roll,roll,v,NA
507,roulé,rolled,roll,roll,v,NA
508,barrières,barriers,barrier,,n,
509,pince,pliers,pliers,pliers,n,pt
510,écrou,nut,nut,nut,n,NA
511,poche,poached,poach,,v,
512,caisse,checkout,checkout,,n,
513,boîte,box,box,box,n,NA
514,tape,slap,slap,,v,
515,croque,crunch,crunch,,v,
516,sac+à+dos,backpack,backpack,,n,
517,dérange,disturb,disturb,,v,
518,ranger,tidy,tidy,,v,
519,sauter,jump,jump,jump,n,NA
520,bouton,button,button,button,n,NA
521,après,after,after,after,conj,NA
522,loulou,,,,,
523,couronne,crown,crown,,n,
524,connais,know,know,know,v,NA
525,boutons,buttons,button,button,n,NA
526,debout,standing,stand,stand,n,NA
527,crocodile,crocodile,crocodile,crocodile,n,NA
528,pyjama,pyjamas,pajamas,,n,
529,Aglaé,aglaia,aglaia,,n,prop
530,couchée,lying,lie,lie,part,NA
531,touche,touch,touch,touch,v,NA
532,avion,plane,plane,plane,n,NA
533,carottes,carrots,carrots,carrot,n,NA
534,tomates,tomatoes,tomato,tomato,n,NA
535,qu'est-ce,what is that,what,,int,
536,tomate,tomato,tomato,tomato,n,NA
537,porc,pork,pork,pork,n,NA
538,lit,bed,bed,bed,n,NA
539,cochons,pigs,pig,pig,n,NA
540,ouvre,opens,open,open,adj,NA
541,aye,aye,aye,aye,co,NA
542,Émilie,emilia,emilia,,n,prop
543,salades,salads,salad,,n,
544,porcinet,piglet,piglet,piglet,n,prop
545,four,oven,oven,oven,n,NA
546,crayon,pencil,pencil,pencil,n,NA
547,balai,broom,broom,broom,n,NA
548,taille,cut,cut,cut,n,NA
549,perceuse,drill,drill,,n,
550,vis,screw,screw,screw,n,NA
551,sort,leave,leave,,v,
552,allez,going,go,go,v,NA
553,ben,ben,ben,ben,n,prop
554,Minnie,minnie,minnie,minnie,n,prop
555,voitures,car,car,car,n,NA
556,prêt,ready,ready,ready,adj,NA
557,oiseaux,birds,bird,bird,n,NA
558,mécanique,mechanical,mechanical,,adv,
559,course,race,race,race,n,NA
560,bouchon,plug,plug,plug,part,NA
561,partie,part,part,part,n,NA
562,mur,wall,wall,wall,n,NA
563,puis,then,then,then,adv,tem
564,parterre,on the ground,ground,,n,
565,locomotive,locomotive,locomotive,,n,
566,bord,edge,edge,edge,n,NA
567,ferme,closed,close,close,v,NA
568,l'oie,goose,goose,goose,n,NA
569,pintades,guinea fowl,guinea fowl,,n,
570,peut-être,perhaps,perhaps,perhaps,adv,NA
571,pintade,guinea fowl,guinea fowl,,n,
572,dis,tell,tell,tell,v,NA
573,bec,beak,beak,beak,n,NA
574,ver+de+terre,worm,worm,,n,
575,bébés,babies,baby,baby,n,NA
576,fesses,bottom,bottom,,n,
577,oie,goose,goose,goose,n,NA
578,blanche,white,white,white,adj,NA
579,qu'est,what,what,what,pro,int
580,oies,geese,goose,goose,n,NA
581,pleurent,mourn,mourn,mourn,v,NA
582,dindon,turkey,turkey,turkey,n,NA
583,orange,orange,orange,orange,adj,NA
584,chevaux,horses,horse,horse,n,NA
585,chèvres,goats,goat,goat,n,NA
586,moutons,sheep,sheep,sheep,n,NA
587,taureau,bull,bull,,n,
588,page,page,page,page,n,NA
589,ourson,bear cub,bear,,n,
590,bonhomme,fellow,fellow,fellow,adj,NA
591,casquette,cap,cap,cap,n,NA
592,accrocher,hook,hook,hook,v,NA
593,trous,holes,hole,hole,n,NA
594,pompiers,firefighters,fireman,,n,
595,klaxon,honk,honk,honk,n,NA
596,pin_pon@o,nee_naw,neenaw,,co,
597,roues,wheels,wheel,wheel,v,NA
598,tapis,carpet,carpet,carpet,n,NA
599,Margot,margot,margot,,n,prop
600,tap,tap,tap,tap,n,NA
601,igloo,igloo,igloo,igloo,n,NA
602,patatras,wham,wham,wham,on,NA
603,hélicoptère,helicopter,helicopter,helicopter,n,NA
604,canari,canary,canary,canary,n,NA
605,citron,lemon,lemon,lemon,n,NA
606,glace,ice cream,ice cream,,n,
607,chemise,shirt,shirt,shirt,n,NA
608,pull,sweater,sweater,sweater,n,NA
609,attend,waits,wait,wait,v,NA
610,chaton,kitten,kitten,kitten,n,NA
611,parapluie,umbrella,umbrella,umbrella,n,NA
612,patapon,patapon,patapon,,n,prop
613,manteau,coat,coat,coat,n,NA
614,croquettes,croquettes,croquette,,n,
615,terre,earth,earth,earth,n,prop
616,lumière,light,light,light,n,NA
617,noël,christmas,christmas,christmas,n,prop
618,chante,sung,sing,sing,v,NA
619,machine,machine,machine,machine,n,NA
620,cabane,hut,hut,,n,
621,monte,climbed,climb,,v,
622,regarder,watch,watch,watch,n,NA
623,feuille,leaf,leaf,leaf,n,NA
624,pompier,firefighter,firefighter,NA,NA,NA
625,chats,cats,cat,cat,n,NA
626,moustaches,moustache,moustache,,n,
627,renard,fox,fox,fox,n,NA
628,donné,given,give,,v,
629,clou,nail,nail,nail,n,NA
630,bazar,bazaar,bazaar,,n,
631,pété,farted,fart,,v,
632,barrière,fence,fence,fence,n,NA
633,allumer,light up,light,,v,
634,raté,missed,miss,miss,v,NA
635,télé,tv,tv,tv,n,NA
636,mettre,put,put,put,v,NA
637,bah,bah,bah,bah,co,NA
638,t'aide,help you,help,,v,
639,attraper,catch,catch,catch,v,NA
640,celui-là,that one,that,,det,
641,rouge+gorge,sore throat,throat,,n,
642,super,great,great,great,adj,NA
643,appuie,press,press,,v,
644,bêtise,foolishness,silly,,n,
645,caneton,duckling,duckling,duckling,n,NA
646,plouf,plonk,plonk,,co,
647,nénuphar,waterlily,waterlily,,n,
648,libellule,dragonfly,dragonfly,dragonfly,n,NA
649,dong,dong,dong,dong,co,NA
650,papillon,butterfly,butterfly,butter+fly,n,NA
651,cloche,bell,bell,bell,n,NA
652,Plume,feather,feather,feather,n,NA
653,ouille,ouille,ouch,,co,
654,s'est,its,its,its,det,poss
655,mouette,seagull,seagull,NA,NA,NA
656,passer,pass,pass,pass,n,NA
657,derrière,behind,behind,behind,adv,NA
658,froid,cold,cold,cold,n,NA
659,câlin,hug,hug,hug,v,NA
660,sous,under,under,under,prep,NA
661,danse,dance,dance,dance,part,NA
662,arrêter,stop,stop,stop,n,NA
663,balais,broom,broom,broom,n,NA
664,bête,stupid,stupid,stupid,adj,NA
665,miette,crumb,crumb,,n,
666,poubelle,trash can,trash,,n,
667,cheveux,hair,hair,hair,n,NA
668,couper,cut,cut,cut,n,NA
669,coupe,chopped off,chop,,v,
670,boit,drinking,drink,drink,n,NA
671,poulet,chicken,chicken,chicken,n,NA
672,parmesan,parmesan cheese,parmesan,,n,
673,assiette,plate,plate,plate,n,NA
674,assiettes,plates,plate,plate,n,NA
675,beaucoup,a lot,lot,,qn,
676,fourchette,fork,fork,fork,n,NA
677,poire,pear,pear,pear,n,NA
678,tout,all,all,all,post,NA
679,tasse,cup,cup,cup,n,NA
680,trouvé,find,find,find,v,NA
681,poireau,leek,leek,,n,
682,monsieur,gentleman,man,,n,
683,tic+tac,tick tock,tick tock,,co,
684,sucre,sugar,sugar,sugar,n,NA
685,frite,fried,fry,,v,
686,couic,money,money,,n,
687,ici,here,here,,adv,
688,tableau,board,board,board,n,NA
689,salon,living room,living room,,n,
690,soupe,soup,soup,soup,n,NA
691,ah_la_la_ah-là,ah_la_la_ah then,,,,
692,Franklin,franklin,franklin,franklin,n,prop
693,Moogli,moogli,moogli,,n,prop
694,Kirikou,kirikou,kirikou,,n,prop
695,l'herbe, grass,grass,,n,
696,dessus,above,above,above,prep,NA
697,boue,mud,mud,mud,n,NA
698,pots,pots,pot,,n,
699,plat,dish,dish,dish,n,NA
700,piment,pepper,pepper,,n,
701,brûle,burns,burn,,v,
702,vieil,old,old,old,adj,NA
703,homme,man,man,man,n,NA
704,frisés,curly,curly,curly,n,prop
705,paquet,package,package,package,n,NA
706,feu,fire,fire,fire,n,NA
707,vases,vases,vase,,n,
708,cuire,cook,cook,cook,n,NA
709,ficelle,string,string,string,n,NA
710,jupe,skirt,skirt,skirt,n,NA
711,bleue,blue,blue,blue,adj,NA
712,verte,green,green,green,adj,NA
713,tonton,uncle,uncle,uncle,n,prop
714,pluie,rain,rain,rain,n,NA
715,botte,boot,boot,boot,n,NA
716,ouf,whew,,,,
717,village,town,town,town,n,NA
718,colère,anger,angry,,adj,
719,fruits,fruits,fruit,fruit,n,NA
720,patates,potatoes,potato,potato,n,NA
721,douces,sweet,sweet,sweet,co,NA
722,manioc,cassava,cassava,,n,
723,voilà,here,here,,co,
724,vaisselle,washing up,washing,,n,
725,poteries,pottery,pottery,,n,
726,crêpe,crepe,crepe,,n,
727,pose,pose,pose,pose,n,NA
728,bien,good,good,good,adj,NA
729,dessine,draws,draw,draw,v,NA
730,mis,placed,put,,v,
731,dedans,in,in,in,prep,NA
732,mains,hands,hand,hand,n,NA
733,sale,dirty,dirty,dirty,v,NA
734,lavabo,sink,sink,,n,
735,clé,key,keys,key,n,NA
736,éclair,lightning,lightning,,n,
737,flocon,flake,flake,flake,v,NA
738,Loulou,Loulou,Loulou,,n,prop
739,voisin,neighbour,neighbour,,n,
740,ping+pong,ping pong  ,ping pong,,n,
741,table,table,table,table,n,NA
742,tente,attempted,try,,v,
743,pizza,pizza,pizza,pizza,n,NA
744,café,coffee,coffee,,n,
745,bouteille,bottle,bottle,bottle,n,NA
746,cuit,cooked,cook,cook,n,NA
747,couverts,covered,cover,cover,v,NA
748,l'assiette,trim,trim,trim,n,NA
749,tchin,tchin,,,,
750,attendre,wait,wait,wait,v,NA
751,soufflé,breath,breath,breath,n,NA
752,pâte,dough,dough,dough,n,NA
753,sel,salt,salt,salt,n,NA
754,peau,skin,skin,skin,adj,NA
755,porter,carry,carry,carry,part,NA
756,sali,salty,salt,,adj,
757,moucher,blow nose,blow,,v,
758,sirop,syrup,syrup,syrup,n,NA
759,grenadine,grenadine,grenadine,,n,
760,rouges,red,red,red,adj,NA
761,jaunes,yellows,yellow,yellow,adj,NA
762,petite,small,small,small,adj,NA
763,queue,tail,tail,tail,n,NA
764,marin,marine,marine,marine,n,NA
765,jumelles,binoculars,binoculars,,n,
766,vole,fly,fly,fly,n,NA
767,marche,market,market,market,n,NA
768,piles,battery,battery,battery,n,NA
769,tourner,turn,turn,turn,n,NA
770,seul,alone,alone,alone,adv,NA
771,couvercle,lid,lid,lid,n,NA
772,sorti,got out,leave,,v,
773,cherche,looking,look,look,co,NA
774,bergère,shepherdess,shepherd,,n,
775,ailes,wings,wing,wing,n,NA
776,bâtons,sticks,stick,stick,n,NA
777,Tchoupi,tchoupi,tchoupi,,n,prop
778,neige,snow,snow,snow,n,NA
779,gants,gloves,gloves,glove,n,NA
780,moufles,mittens,mittens,mitten,n,NA
781,savon,soap,soap,soap,n,NA
782,cogné,hit,hit,hit,v,NA
783,rangé,tidy,tidy,,adj,
784,gamelle,billy,billy,billy,n,prop
785,soeur,sister,sister,sister,n,NA
786,chargée,loaded,load,,v,
787,école,school,school,school,n,NA
788,crie,shout,shout,,v,
789,mange,eat,eat,eat,v,NA
790,ans,years,year,year,n,NA
791,pelle,shovel,shovel,shovel,n,NA
792,vais,go,go,,v,
793,camions,trucks,truck,truck,n,NA
794,fleurs,flowers,flower,flower,n,NA
795,poubelles,trash,trash,trash,n,NA
796,grosse,big,big,big,adj,NA
797,garage,garage,garage,garage,n,NA
798,arrêté,stopped,stop,stop,n,NA
799,arrête,stopped,stop,stop,n,NA
800,vu,seen,see,,v,
801,scotch,scotch,scotch,,n,
802,Ame,soul,soul,soul,n,NA
803,sais,know,know,know,v,NA
804,compote,compote,compote,,n,
805,moi,me,me,,pro,
806,amuse,amused,amuse,,v,
807,propre,clean,clean,clean,adj,NA
808,viande,meat,meat,meat,n,NA
809,chaude,hot,hot,hot,adj,NA
810,laisse,leave,leave,,v,
811,mordu,bitten,bite,,v,
812,chips,chips,chip,chip,n,NA
813,balaie,sweeps,sweep,,v,
814,sors,go outside,leave,,v,
815,miettes,crumbs,crumb,crumb,n,NA
816,tour,tower,tower,tower,n,NA
817,escalier,staircase,staircase,staircase,n,NA
818,refaire,remake,make,,v,
819,Chaley,chaley,chaley,,n,prop
820,l'autre,other,other,,qn,
821,choisis,choose,choose,choose,v,NA
822,remettre,reset,put,,v,
823,l'éléphant,elephant,elephant,elephant,n,NA
824,casserole,pan,pan,pan,n,NA
825,bois,wood,wood,wood,n,NA
826,mémé,even,even,even,adv,NA
827,karaté,karate,karate,,n,
828,cartable,backpack,backpack,back+pack,n,NA
829,joujou,toy,toy,toy,n,NA
830,trompe,deceived,deceive,,v,
831,genoux,knees,knee,knee,n,NA
832,raquette,racket,racket,racket,n,NA
833,skie,skiing,ski,,v,
834,glisse,slips,slip,,v,
835,badaboum,badaboum,,,,
836,robe,dress,dress,dress,part,NA
837,traces,footsteps,footstep,footstep,n,NA
838,éléphants,elephants,elephant,elephant,n,NA
839,cassette,cassette,cassette,,n,
840,vide,empty,empty,empty,adj,NA
841,baignent,bathe,bathe,,v,
842,hamac,hammock,hammock,hammock,n,NA
843,balancer,swing,swing,swing,n,NA
844,jungle,jungle,jungle,jungle,n,NA
845,assis,seated,sit,,v,
846,singe,monkey,monkey,monkey,n,NA
847,dansent,dance,dance,dance,part,NA
848,cascade,waterfall,waterfall,,n,
849,dents,teeth,tooth,tooth,n,NA
850,langue,language,language,language,n,NA
851,soif,thirsty,thirsty,,adj,
852,toucher,touch,touch,touch,v,NA
853,Potam,hippo,hippo,hippo,n,NA
854,coquin,naughty,naughty,,adj,
855,vapeur,steam,steam,steam,n,NA
856,miel,honey,honey,honey,n,NA
857,fleur,flower,flower,flower,n,NA
858,crèche,creche,nursery,,n,
859,Hugo,hugo,hugo,,n,prop
860,joli,pretty,pretty,pretty,adv,NA
861,coussin,cushion,cushion,cushion,n,NA
862,Colin,colin,colin,,n,prop
863,lampe,lamp,lamp,lamp,n,NA
864,bottes,boots,boot,boot,n,NA
865,écharpe,scarf,scarf,scarf,n,NA
866,Basil,basil,basil,basil,n,NA
867,piano,piano,piano,piano,n,NA
868,vase,vase,vase,vase,n,NA
869,poches,pockets,pocket,pocket,n,NA
870,colle,glue,glue,glue,n,NA
871,Simon,simon,simon,,n,prop
872,saucisse,sausage,sausage,sausage,n,NA
873,accroche,hangs,hang,hang,v,NA
874,sûr,sure,sure,sure,adj,NA
875,puzzle,puzzle,puzzle,puzzle,n,NA
876,citrouille,pumpkin,pumpkin,pumpkin,n,NA
877,manque,lack,lack,,n,
878,fort,strong,strong,strong,adj,NA
879,gauche,left,leave,leave,n,NA
880,animaux,animals,animal,animal,n,NA
881,l'hippopotame,hippo,hippo,hippo,n,NA
882,goûter,taste,taste,taste,v,NA
883,panier,basket,basket,basket,n,NA
884,brosse,brush,brush,brush,n,NA
885,fromage,cheese,cheese,cheese,n,NA
886,doigts,fingers,finger,finger,n,NA
887,verres,glasses,glasses,glass,n,NA
888,points,points,point,point,n,NA
889,balles,bullets,bullet,,n,
890,gagné,won,win,win,v,NA
891,boumé,boom,boom,,co,
892,quelque,some,some,some,qn,NA
893,chose,thing,thing,thing,n,NA
894,quatre+quatre,four,four,,det,
895,legos,legos,lego,lego,n,NA
896,lego,lego,lego,lego,n,NA
897,palmier,palm,palm,palm,n,prop
898,robot,robot,robot,robot,n,NA
899,craie,chalk,chalk,chalk,n,NA
900,carré,square,square,square,n,NA
901,Tim,tim,tim,tim,n,prop
902,bouts,ends,end,end,n,NA
903,répare,repair,repair,,v,
904,cadeaux,gifts,gift,gift,n,NA
905,blanc,white,white,white,adj,NA
906,balançoire,swing,swing,swing,n,NA
907,jonquille,daffodil,daffodil,,n,
908,escargots,snails,snail,,n,
909,bac,tub,tub,,n,
910,sable,sand,sand,sand,n,NA
911,gratte,scratch,scratch,scratch,adj,NA
912,chasser,hunt,hunt,hunt,n,NA
913,tombée,fall,fall,fall,v,NA
914,bouche,mouth,mouth,mouth,n,NA
915,chanté,sung,sing,sing,v,NA
916,hou,boo,boo,boo,co,NA
917,sauvé,safe,safe,safe,adj,NA
918,flaques,puddles,puddle,puddle,n,NA
919,descend,down,down,down,adv,NA
920,brioche,brioche,brioche,brioche,L2,NA
921,fraises,strawberries,strawberry,strawberry,n,NA
922,fraise,strawberry,strawberry,strawberry,n,NA
923,aime,love,love,love,v,NA
924,balayette,brush,brush,brush,n,NA
925,cachée,hidden,hide,hide,n,NA
926,passée,past,past,past,adj,NA
927,pouce,thumb,thumb,thumb,n,NA
928,bobo,bobo,ouch,,co,
929,bougé,shake,shake,shake,n,NA
930,chaudes,hot,hot,hot,adj,NA
931,dehors,outside,outside,outside,adv,NA
932,gant,glove,gloves,glove,n,NA
933,m'aider,help me,help,,v,
934,appuyer,press,press,press,n,NA
935,index,index,index,index,n,NA
936,enlève,removes,remove,,v,
937,garder,keep,keep,keep,v,NA
938,chauffe,heated,heat,,v,
939,sucette,lollipop,lollipop,lollipop,n,NA
940,attaché,attached,attach,attach,v,NA
941,cancan,cancan,cancan,,n,
942,cuisses,thighs,thigh,,n,
943,mollets,calves,calf,,n,
944,bras,arms,arm,arm,n,NA
945,os,bone,bone,bone,n,NA
946,recolle,glue together,glue,,v,
947,serpent,snake,snake,snake,n,NA
948,champignons,mushrooms,mushroom,mushroom,n,NA
949,Tatie,aunt,aunt,aunt,n,NA
950,Oliv,oliv,oliv,,n,prop
951,gazon,grass,grass,grass,n,NA
952,oeuf,egg,egg,egg,n,NA
953,ramassé,picked up,pick up,,v,
954,l'enlever,remove,remove,remove,v,NA
955,sieste,nap,nap,nap,n,NA
956,coups,shots,shot,,n,
957,difficile,difficult,difficult,difficult,adj,NA
958,place,square,square,square,n,NA
959,Mimi,mimi,mimi,mimi,n,prop
960,poules,hens,hen,hen,n,NA
961,Mickey,mickey,mickey,mickey,n,NA
962,image,picture,picture,picture,n,NA
963,Jabotte,jabotte,jabotte,,n,prop
964,tout_à_l'heure,see you later,bye,,co,
965,légos,legos,lego,lego,n,NA
966,cheminée,fireplace,fireplace,NA,NA,NA
967,Val,val,val,val,n,prop
968,peut,can,can,can,mod,NA
969,hier,yesterday,yesterday,yesterday,adv,tem
970,autres,other,other,other,qn,NA
971,doum@o,boom,boom,boom,n,NA
972,aux,the,the,the,det,art
973,cubes,cubes,cube,,n,
974,cube,cube,cube,cube,n,NA
975,grande,big,big,big,adj,NA
976,violet,purple,purple,purple,adj,NA
977,zut,damn,damn,,co,
978,recommence,start again,start,,v,
979,mince,thin,thin,thin,adj,NA
980,aîe,ouch,ouch,ouch,co,NA
981,vidé,empty,empty,empty,adj,NA
982,oublié,forget it,forget,,v,
983,Thé,tea,tea,tea,n,NA
984,fourmis,ants,ant,ant,n,NA
985,ruche,hive,hive,hive,n,NA
986,vider,empty,empty,empty,adj,NA
987,motte,sod,sod,,n,
988,salle+de+bains,bathroom,bathroom,,n,
989,Amé,soul,soul,soul,n,NA
990,couleurs,colors,color,color,n,NA
991,collés,stuck,stick,,v,
992,passe,past,past,past,adj,NA
993,passé,past,past,past,adj,NA
994,l'écrou,nut,nut,nut,n,NA
995,bu,drank,drink,drink,n,NA
996,plage,beach,beach,beach,n,NA
997,tomber,fall,fall,fall,v,NA
998,d'abord,first,first,first,adv,NA
999,Hector,hector,hector,,n,prop
1000,canapé,sofa,sofa,sofa,n,NA
1001,waf@o,woof,woof woof,woof,on,NA
1002,allé,go,go,go,v,NA
1003,bus,bus,bus,bus,n,NA
1004,canards,ducks,duck,duck,n,NA
1005,veaux,calves,calf,,n,
1006,veau,veal,calf,,n,
1007,mer,wed,wed,wed,v,NA
1008,mare,pond,pond,pond,n,NA
1009,lac,lake,lake,lake,n,NA
1010,croa,caw,caw,,co,
1011,roseaux,reeds,reed,,n,
1012,l'araignée,spider,spider,spider,n,NA
1013,coquine,naughty,naughty,,n,
1014,m'a,my,my,my,co,NA
1015,piqué,dive,dive,dive,n,NA
1016,poussins,chicks,chick,chick,n,NA
1017,canetons,ducklings,duckling,duckling,n,NA
1018,lapins,rabbits,rabbit,rabbit,n,NA
1019,grenouilles,frogs,frog,frog,n,NA
1020,six,six,six,six,det,num
1021,huit,eight,eight,eight,det,num
1022,soleil,sun,sun,sun,n,NA
1023,tard,late,late,late,adj,NA
1024,cot@o,quack,quack quack,quack,n,NA
1025,fil,wire,wire,wire,n,NA
1026,éclabousser,splash,splash,splash,part,NA
1027,rainette,frog,frog,frog,n,NA
1028,met,puts,put,put,v,NA
1029,dessin+animé,comic,comic,,n,
1030,animé,lively,lively,,adj,
1031,télévision,television,television,television,n,NA
1032,fonds,background,background,,n,
1033,bidule,thingy,thingy,NA,NA,NA
1034,poney,pony,pony,pony,n,NA
1035,biscuit,biscuit,biscuit,biscuit,n,NA
1036,radio,radio,radio,radio,n,NA
1037,chaussures,shoes,shoe,shoe,n,NA
1038,pendule,pendulum,pendulum,,n,
1039,autour,around,around,around,prep,NA
1040,bracelet,bracelet,bracelet,bracelet,n,NA
1041,montre,watch,watch,watch,n,NA
1042,aiguilles,points,point,point,n,NA
1043,brosse+à+dents,toothbrush,toothbrush,,n,
1044,Chalet,chalet,chalet,,n,
1045,robinet,tap,tap,tap,n,NA
1046,défait,fact,fact,fact,n,NA
1047,trouve,find,find,find,v,NA
1048,fenêtre,window,window,window,n,NA
1049,montagne,mountain,mountain,mountain,n,NA
1050,renverser,reverse,reverse,,v,
1051,cocotier,coconut tree,tree,,n,
1052,son,his,his,his,det,poss
1053,haute,high,high,high,n,NA
1054,longue,long,long,long,adj,NA
1055,gigantesque,gigantic,gigantic,gigantic,adj,NA
1056,dessous,below,below,below,prep,NA
1057,grandi,grow up,grow,,v,
1058,tunnel,tunnel,tunnel,tunnel,n,NA
1059,mouche,fly,fly,fly,n,NA
1060,l'amener,bring,bring,bring,v,NA
1061,wagons,cars,car,car,n,NA
1062,amener,lead,lead,,v,
1063,wagon,car,car,car,n,NA
1064,éh,éh,,,,
1065,arrondis,rounded,round,,v,
1066,c'était,it was,is,,v,
1067,commencer,start,start,start,v,NA
1068,dire,say,say,say,v,NA
1069,virages,bends,bend,bend,n,NA
1070,gare,station,station,station,n,NA
1071,l'ai,have,have,have,v,NA
1072,retrouvé,found,find,find,v,NA
1073,voulais,wanted,want,want,v,NA
1074,emmener,bring,bring,bring,v,NA
1075,Lyon,lyon,lyon,,n,prop
1076,prochaine,next,next,next,adv,NA
1077,fois,times,time,,n,
1078,recule,recedes,recede,,v,
1079,euh,uh,,,,
1080,garer,park,park,park,n,NA
1081,route,road,road,road,n,NA
1082,rails,tracks,track,track,n,NA
1083,l'accident,accident,accident,,n,
1084,garé,station,station,station,n,NA
1085,circuit,circuit,circuit,,n,
1086,ascenseur,elevator,elevator,,n,
1087,vite,quickly,quickly,NA,NA,NA
1088,travail,job,job,job,n,NA
1089,toboggan,toboggan,toboggan,,n,
1090,capot,hood,hood,hood,n,prop
1091,ouvert,open,open,open,adj,NA
1092,casser,break,break,break,v,NA
1093,dévissé,unscrewed,screw,,v,
1094,réparé,mended,fix,,v,
1095,ils,they,they,they,pro,sub
1096,tombés,fallen down,fall,,v,
1097,gens,people,people,NA,NA,NA
1098,l'essence,gasoline,gasoline,gasoline,n,NA
1099,essence,gasoline,gasoline,gasoline,n,NA
1100,même,even,even,even,adv,NA
1101,reculer,retreat,retreat,,v,
1102,gâteaux,cakes,cake,cake,n,NA
1103,langue+de+chat,cat tongue,cat tongue,,n,
1104,ham,ham,ham,ham,n,NA
1105,bout,end,end,end,n,NA
1106,toute,all,all,all,post,NA
1107,méchant,mean,mean,mean,adj,NA
1108,boudin,black pudding,black pudding,,n,
1109,dit,said,say,say,v,NA
1110,sert,serves,serve,,v,
1111,téléphone,phone,phone,phone,n,NA
1112,bleus,blue,blue,blue,adj,NA
1113,Aglaë,aglaë,aglaë,,n,prop
1114,conduit,pipe,pipe,pipe,n,NA
1115,retournes,going back,return,,v,
1116,rhabiller,dressed,dress,dress,part,NA
1117,retirer,remove,remove,remove,v,NA
1118,catastrophe,disaster,disaster,disaster,n,NA
1119,tirer,shoot,shoot,shoot,v,NA
1120,changer,switch,switch,switch,n,NA
1121,trouver,find,find,find,v,NA
1122,moulins,windmill,windmill,,n,
1123,l'attraper,catch,catch,catch,v,NA
1124,facile,easy,easy,NA,NA,NA
1125,saute,jump,jump,,v,
1126,ciel,sky,sky,sky,n,NA
1127,cinq,five,five,five,det,num
1128,vent,wind,wind,wind,n,NA
1129,solide,solid,solid,,adj,
1130,anniversaire,birthday,birthday,,n,
1131,dix,ten,ten,ten,det,num
1132,belle,pretty,pretty,pretty,adv,NA
1133,grue,crane,crane,crane,n,NA
1134,jouets,toys,toy,toy,n,NA
1135,tous,all,all,all,post,NA
1136,essayer,try,try,try,v,NA
1137,remet,returns,return,,v,
1138,remis,make,make,,v,
1139,était,was,be,be,aux,NA
1140,défaire,do,do,do,mod,NA
1141,évident,obvious,obvious,,adj,
1142,zoup@o,zoup @ o,,,,
1143,chevalier,knight,knight,knight,n,NA
1144,ressemble,looks like,resemble,,v,
1145,monté,climb,climb,,v,
1146,remonter,ride up,climb,,v,
1147,copie,copy,copy,,n,
1148,refait,again,again,again,adv,NA
1149,nous,we,we,we,pro,sub
1150,plateau,tray,tray,tray,n,NA
1151,toit,roof,roof,roof,n,NA
1152,tuyau,pipe,pipe,pipe,n,NA
1153,interdit,prohibited,forbid,,v,
1154,obligatoire,mandatory,mandatory,,adj,
1155,plein,full,full,full,adj,NA
1156,d'autres,other,other,other,qn,NA
1157,reine,queen,queen,queen,n,NA
1158,dame,lady,lady,lady,n,NA
1159,rois,kings,king,,n,
1160,renversé,reversed,reverse,,v,
1161,maladie,illness,illness,,n,
1162,dois,have,have,have,v,NA
1163,grandes,great,great,great,adj,NA
1164,écroule,collapses,collapse,,v,
1165,fauteuil,armchair,chair,,n,
1166,l'apporter,bring,bring,bring,v,NA
1167,s'écroule,collapses,collapse,,v,
1168,sens,meaning,meaning,,n,
1169,canapés,sofas,sofa,,n,
1170,petites,small,small,small,adj,NA
1171,faut,should,should,should,mod,NA
1172,jeté,thrown,throw,,v,
1173,toutes,all,all,all,post,NA
1174,affaires,business,business,business,n,NA
1175,voisins,neighbors,neighbor,neighbor,n,NA
1176,gentil,kind,kind,kind,adj,NA
1177,qu'on,that we,that,,det,
1178,acheter,buy,buy,buy,n,NA
1179,roulent,roll,roll,roll,v,NA
1180,façon,way,way,way,n,NA
1181,à-côté,beside,beside,beside,prep,NA
1182,drôle,funny,funny,NA,NA,NA
1183,noires,black,black,black,adj,NA
1184,éh+non,no,no,,co,
1185,l'envers,upside,upside,upside,adv,NA
1186,l'endroit,place,place,,n,
1187,bonhommes,men,man,man,n,NA
1188,vers,towards,towards,towards,adv,NA
1189,ton,your,your,your,det,poss
1190,armoire,cabinet,cabinet,cabinet,n,NA
1191,payer,pay,pay,pay,v,NA
1192,échappe,escapes,escape,,v,
1193,fille,girl,girl,girl,n,NA
1194,parc,park,park,park,n,NA
1195,bizarre,weird,weird,weird,adj,NA
1196,ces,these,these,these,pro,dem
1197,prendre,take,take,take,v,NA
1198,pchit@o,tweet,tweet,tweet,on,NA
1199,travailler,work,work,work,n,NA
1200,rouler,roll,roll,roll,v,NA
1201,l'instant,nothing,nothing,nothing,pro,indef
1202,appelle,call,call,call,part,NA
1203,appelles,call,call,call,part,NA
1204,s'appelle,named,name,name,n,NA
1205,Julien,julian,julian,,n,prop
1206,m'appelle,call me,call,,v,
1207,d'ailleurs,anyway,anyway,anyway,adv,NA
1208,arriver,arrive,arrive,arrive,v,NA
1209,me,me,me,me,pro,obj
1210,blancs,whites,white,white,adj,NA
1211,arrivé,come,come,come,v,NA
1212,car,because,because,because,conj,NA
1213,tes,your,your,your,det,poss
1214,souhaits,wishes,wish,,n,
1215,hasard,hazard,hazard,,n,
1216,mouchoir,tissue,tissue,tissue,n,NA
1217,te,you,you,you,pro,per
1218,là-dedans,in there,there,,det,
1219,étais,was,be,be,aux,NA
1220,s'en,get,get,get,aux,NA
1221,conduire,drive,drive,drive,n,NA
1222,pleurer,cry,cry,cry,v,NA
1223,montrer,show,show,show,n,NA
1224,l'est,is,is,,v,
1225,notre,our,our,our,det,poss
1226,légumes,vegetables,vegetable,vegetable,n,NA
1227,aimez,like,like,like,v,NA
1228,manges,eat,eat,eat,v,NA
1229,gourmands,greedy,greedy,,adj,
1230,filles,girls,girl,girl,n,NA
1231,montes,climb,climb,,v,
1232,ont,have,have,have,v,NA
1233,tourné,turned,turn,turn,n,NA
1234,n'importe_quoi,whatever,whatever,whatever,pro,int
1235,journée,day,day,day,n,NA
1236,moitié,half,half,half,n,NA
1237,bibliothèque,library,library,library,n,NA
1238,écouter,listen,listen,listen,v,NA
1239,venir,come,come,come,v,NA
1240,appétit,appetite,appetite,,n,
1241,cool,cool,cool,cool,adj,NA
1242,emmène,takes,take,take,v,NA
1243,jette,throws,throw,throw,v,NA
1244,seau,bucket,bucket,bucket,n,NA
1245,toilette,toilet,toilet,toilet,n,NA
1246,toilettes,toilets,toilet,,n,
1247,saletés,dirt,dirt,dirt,adj,NA
1248,tablier,apron,apron,apron,n,NA
1249,bricole,tinker,tinker,,v,
1250,tournevis,screwdriver,screwdriver,screw+driver,n,NA
1251,établi,established,establish,,v,
1252,bricolage,diy,diy,,n,
1253,jardine,jardine,garden,,n,
1254,arrosoir,watering can,watering can,,n,
1255,plantes,plants,plant,plant,n,NA
1256,linge,laundry,laundry,laundry,n,NA
1257,lessive,detergent,detergent,,n,
1258,l'accroche,grip,hold,,v,
1259,pinces,pliers,pliers,pliers,n,pt
1260,pinces+à+linge,clothes pegs,peg,,n,
1261,pincer,pinch,pinch,pinch,n,NA
1262,repasses,iron,iron,,v,
1263,bascule,rock,rock,,v,
1264,branche,plugged,plug,plug,part,NA
1265,marcher,walk,walk,walk,n,NA
1266,courir,run,run,run,n,NA
1267,Tobi,tobi,tobi,,n,prop
1268,collier,necklace,necklace,necklace,n,NA
1269,perles,beads,beads,bead,n,NA
1270,attrape,catch,catch,catch,v,NA
1271,attrapent,catch,catch,catch,v,NA
1272,l'école,school,school,school,n,NA
1273,font,make,make,make,v,NA
1274,pomme+de+terre,potato,potato,,n,
1275,dessins+animés,comics,comic,,n,
1276,chouette,owl,owl,owl,n,NA
1277,fête,party,party,party,n,NA
1278,mettent,put,put,put,v,NA
1279,consoler,console,console,,v,
1280,chez,in,in,in,prep,NA
1281,marrant,funny,funny,NA,NA,NA
1282,frère,brother,brother,brother,n,NA
1283,blague,joke,joke,joke,n,NA
1284,grand-mère,grandmother,grandmother,grand+mother,n,prop
1285,douché,shower,shower,shower,n,NA
1286,nettoyé,cleaned up,clean,,v,
1287,m'essuyer,wipe me,wipe,,v,
1288,grand-père,grandfather,grandpa,,n,
1289,poils,fur,fur,fur,n,NA
1290,longs,long,long,long,adj,NA
1291,monde,world,world,world,n,NA
1292,Pois,peas,peas,pea,n,NA
1293,Paul,paul,paul,paul,n,prop
1294,entend,hears,hear,hear,v,NA
1295,casseroles,pans,pan,,n,
1296,vont,will,will,will,mod,NA
1297,jardin,garden,garden,garden,n,NA
1298,piscine,swimming pool,pool,,n,
1299,enlevé,removed,remove,,v,
1300,qu'ils,they,they,they,pro,sub
1301,déchirée,torn,tear,,v,
1302,prêter,lend,lend,,v,
1303,mouettes,seagulls,seagull,NA,NA,NA
1304,dirait,would say,say,,v,
1305,connaît,knows,know,know,v,NA
1306,trains,trains,train,train,n,NA
1307,caisses,crates,crate,,n,
1308,échelle,ladder,ladder,ladder,n,NA
1309,flocons,flakes,flake,flake,v,NA
1310,n'a,doesn’t have,have,,v,
1311,celui-ci,this one,this,,det,
1312,voulait,wanted to,want,,v,
1313,cher,expensive,expensive,,adj,
1314,madame,mrs,mrs,mrs,n,prop
1315,peuvent,can,can,can,mod,NA
1316,mêmes,same,same,same,adj,NA
1317,réparer,fix,fix,fix,part,NA
1318,morceaux,parts,part,part,n,NA
1319,combien,how much,how much,,adv,
1320,voulez,want,want,want,v,NA
1321,crotte,dung,dung,dung,n,NA
1322,volé,fly,fly,fly,n,NA
1323,bruits,sounds,sound,sound,n,NA
1324,lâche,loose,loose,loose,adj,NA
1325,se,himself,himself,himself,pro,refl
1326,traverser,cross,cross,cross,part,NA
1327,prend,take,take,take,v,NA
1328,écoute,listen,listen,listen,v,NA
1329,planter,plant,plant,plant,n,NA
1330,choux,cabbage,cabbage,cabbage,n,NA
1331,oiseau,bird,bird,,n,
1332,éléphant,elephant,elephant,,n,
1333,rhinocéros,rhinoceros,rhinoceros,rhinoceros,n,NA
1334,croqué,crunched,crunch,,v,
1335,céréales,cereals,cereal,cereal,n,NA
1336,www,www,,,,
1337,coloriages,coloring,coloring,NA,NA,NA
1338,coloriage,coloring,coloring,NA,NA,NA
1339,déchiré,torn up,tear,,v,
1340,baleine,whale,whale,whale,n,NA
1341,crêche,creche,nursery,,n,
1342,cintre,hanger,hanger,,n,
1343,déjeuner,lunch,lunch,lunch,n,NA
1344,sceau,seal,seal,seal,n,NA
1345,cette,this,this,this,pro,dem
1346,brouette,wheelbarrow,wheelbarrow,wheel+barrow,n,NA
1347,radis,radish,radish,,n,
1348,fini,finished,finish,,v,
1349,brun,brown,brown,,adj,
1350,gorge,throat,throat,throat,n,NA
1351,énerve,upset,upset,upset,v,NA
1352,m'énerve,get angry,annoy,,v,
1353,crois,think,think,think,v,NA
1354,va,go,go,,v,
1355,coton,cotton,cotton,cotton,n,NA
1356,n'importe,anything,anything,anything,pro,indef
1357,oignons,onions,onion,onion,n,NA
1358,si,if,if,,prep,
1359,violette,violet,violet,violet,n,prop
1360,accident,accident,accident,accident,n,NA
1361,écrasé,crushed,crush,crush,v,NA
1362,ramasser,pick up,pick up,,v,
1363,trucs,stuff,stuff,stuff,n,NA
1364,transporter,carry,carry,carry,part,NA
1365,m'as,has,have,,v,
1366,camion,truck,truck,,n,
1367,magasin,store,store,store,n,NA
1368,Minni,minni,minni,,n,prop
1369,fille,girl,girl,,n,
1370,dessiné,drew,draw,,v,
1371,dessiné,drew,draw,,v,
1372,flammes,flames,flame,,n,
1373,écrire,write,write,write,part,NA
1374,qu'il,it,it,it,pro,per
1375,marqué,mark,mark,mark,v,NA
1376,entoure,surrounded,surround,,v,
1377,effacer,wipe off,wipe,,v,
1378,effacé,erased,erase,erase,v,NA
1379,nuages,clouds,cloud,cloud,n,NA
1380,pas,not,not,,neg,
1381,énorme,huge,huge,huge,adj,NA
1382,content,happy,happy,,adj,
1383,l'effacé,erased,erase,,v,
1384,effacé,erased,erase,,v,
1385,efface,clears,clear,,v,
1386,d'oeuvre,lumber,lumber,lumber,n,NA
1387,poisson,fish,fish,,n,
1388,l'ourson,bear,bear,,n,
1389,ne,born,born,born,adj,NA
1390,jamais,never,never,never,adv,NA
1391,calmée,subsided,subside,,v,
1392,l'étoile, star,star,,n,
1393,fond,background,background,background,n,NA
1394,taupe,mole,mole,mole,adj,NA
1395,amène,bring,bring,bring,v,NA
1396,sinon,if not,if not,,neg,
1397,bébé,baby,baby,,n,
1398,droit,law,law,law,n,NA
1399,regarder,watch,watch,,v,
1400,sorcière,witch,witch,witch,n,NA
1401,quand_même,all the same,all the same,,conj,
1402,volent,fly,fly,fly,n,NA
1403,chauds,hot,hot,hot,adj,NA
1404,s'énerve,gets mad,get mad,,v,
1405,s'énerver,get worked up,get mad,,v,
1406,mangent,eat,eat,eat,v,NA
1407,l'ont,have,have,have,v,NA
1408,l'année,year,year,year,n,NA
1409,jeux,games,game,game,n,NA
1410,Bécassine,becassine,becassine,,n,prop
1411,berlue,berlue,berlue,,n,prop
1412,molosse,mastiff,mastiff,,n,
1413,journal,newspaper,newspaper,newspaper,n,NA
1414,âne,donkey,donkey,donkey,n,NA
1415,voler,steal,steal,steal,v,NA
1416,sorcier,wizard,wizard,wizard,n,NA
1417,lu,read,read,read,part,NA
1418,déjà,already,already,already,adv,NA
1419,carreaux,tiles,tile,,n,
1420,anneau,ring,ring,ring,n,NA
1421,brun,brown,brown,brown,adj,NA
1422,sortir,exit,exit,,v,
1423,coussins,cushions,cushion,cushion,n,NA
1424,tambour,drum,drum,drum,n,NA
1425,tourniquet,turnstile,turnstile,,n,
1426,toupie,top,top,top,n,NA
1427,dînette,tea party,party,,n,
1428,apporte,brings,bring,bring,v,NA
1429,chocolats,chocolates,chocolate,chocolate,n,NA
1430,fourchettes,forks,fork,fork,n,NA
1431,purée,mash potatoes,potato,,n,
1432,foncée,dark,dark,dark,adj,NA
1433,pierres,stone,stone,stone,n,NA
1434,cailloux,pebbles,pebble,,n,
1435,beaux,beautiful,beautiful,beautiful,adj,NA
1436,biftecks,steaks,steak,,n,
1437,bords,edges,edge,,n,
1438,grignoté,nibbled,nibble,,v,
1439,patins+à+roulettes,roller skates,roller skates,,n,
1440,voudrais,would like,want,,v,
1441,bouge,moves,move,move,n,NA
1442,toujours,always,always,always,adv,NA
1443,Trotte_Saut,trotte_saut,,,,
1444,mûres,blackberries,blackberry,,n,
1445,trotte,trots,trot,,v,
1446,saut,jump,jump,jump,n,NA
1447,bol,bowl,bowl,bowl,n,NA
1448,qu'un,one,one,one,pro,indef
1449,prunes,plums,plum,plum,n,NA
1450,j'aime,i love,love,,v,
1451,fatigué,tired,tired,NA,NA,NA
1452,tenir,hold,hold,hold,n,NA
1453,clown,clown,clown,clown,n,NA
1454,tictic,tictic,tick tock,,co,
1455,tombent,fall,fall,fall,v,NA
1456,chaviré,capsized,capsize,,v,
1457,pompons,pompons,pompom,,n,
1458,dégonflé,deflated,deflate,,v,
1459,gonfler,inflate,inflate,,v,
1460,cahier,notebook,notebook,,n,
1461,réparée,fixed,fixed,NA,NA,NA
1462,tunnels,tunnels,tunnel,tunnel,n,NA
1463,casse,broken,break,break,v,NA
1464,père+noël,father christmas  ,father christmas,,n,prop
1465,traîneau,sled,sled,sled,n,NA
1466,Père_Noël,father christmas  ,father christmas,,n,prop
1467,posé,laid,lay,,v,
1468,jolie,pretty,pretty,,adj,
1469,vient,just,just,just,adj,NA
1470,poser,pose,pose,pose,n,NA
1471,l'abeille,bee,bee,bee,n,NA
1472,joué,play,play,play,n,NA
1473,truc,thing,thing,thing,n,NA
1474,qu'arrive,arrives,arrive,,v,
1475,Polichinelle,punch,punch,,n,prop
1476,arbre,tree,tree,tree,n,NA
1477,arbres,trees,tree,tree,n,NA
1478,bonhommes+de+neige,snowmen,snowman,,n,
1479,capuche,hood,hood,hood,n,prop
1480,bonnet,cap,cap,cap,n,NA
1481,boules,bowls,bowl,bowl,n,NA
1482,luge,sledge,sledge,,n,
1483,bonhomme+de+neige,snowman,snowman,,n,
1484,là-dessus,there,there,,adv,
1485,violets,purple,purple,purple,adj,NA
1486,éclaté,bursts,burst,,v,
1487,déraper,skid,skid,,v,
1488,doucement,slowly,slow,,adv,
1489,éclater,burst,burst,,v,
1490,dépêche,hurry,hurry,,v,
1491,lézard,lizard,lizard,lizard,n,NA
1492,l'ordinateur,computer,computer,NA,NA,NA
1493,cinéma,cinema,cinema,,n,
1494,arrivent,arrive,arrive,arrive,v,NA
1495,coincée,trapped,trap,trap,n,NA
1496,demain,tomorrow,tomorrow,tomorrow,adv,tem
1497,pressé,hurry,hurry,hurry,n,NA
1498,coquins,naughty,naughty,,adj,
1499,puzzles,puzzles,puzzle,puzzle,n,NA
1500,taper,type,type,type,n,NA
1501,compter,count,count,count,n,NA
1502,rentrer,return,return,return,v,NA
1503,entrer,enter,enter,enter,v,NA
1504,houx,holly,holly,holly,n,prop
1505,forêt,forest,forest,forest,n,NA
1506,chanteurs,singers,singer,,n,
1507,Halloween,halloween,halloween,halloween,n,prop
1508,déguiser,disguise,disguise,,v,
1509,Porcinet,piglet,piglet,piglet,n,prop
1510,écroulé,collapsed,collapse,,v,
1511,tlic@o,tlic @ o,,,,
1512,touc,touc,,,,
1513,écroulée,collapsed,collapse,,v,
1514,envers,towards,towards,towards,adv,NA
1515,éléphanteau,elephant,elephant,elephant,n,NA
1516,pousse,shoot,shoot,shoot,v,NA
1517,Titi,titi,titi,,n,prop
1518,passés,past,past,past,adj,NA
1519,entrée,entered,enter,,v,
1520,quelqu'un,someone,someone,someone,pro,indef
1521,cils,eyelashes,eyelash,NA,NA,NA
1522,sourcils,eyebrows,eyebrow,eye+brow,n,NA
1523,chance,luck,luck,luck,adj,NA
1524,écrase,crushed,crush,crush,v,NA
1525,écrabouillés,squashed,squash,squash,n,NA
1526,ramasse,picked up,pick up,,v,
1527,travaux,works,work,work,n,NA
1528,chargé,charge,charge,,v,
1529,rempli,filled,fill,fill,part,NA
1530,hisse,hoisted,hoist,,v,
1531,s'arrête,stop,stop,stop,n,NA
1532,chansons,songs,song,song,n,NA
1533,coude,elbow,elbow,elbow,n,NA
1534,plante,plant,plant,plant,n,NA
1535,chou,cabbage,cabbage,cabbage,n,NA
1536,l'a,the,the,the,det,art
1537,pâquerettes,daisies,daisy,,n,
1538,est-ce,is,be,be,aux,NA
1539,marguerites,daisies,daisy,,n,
1540,chanter,sing,sing,sing,v,NA
1541,l'escargot, snail,snail,,n,
1542,souviens,remember,remember,remember,co,NA
1543,sucettes,lollipops,lollipop,lollipop,n,NA
1544,fusées,rockets,rocket,,n,
1545,fusée,rocket,rocket,rocket,n,NA
1546,Paris,paris,paris,,n,prop
1547,Montauban,montauban,montauban,,n,prop
1548,Toulouse,toulouse,toulouse,,n,prop
1549,hirondelle,swallow,swallow,swallow,part,NA
1550,fichu,damn,damn,,co,
1551,avait,had,have,have,v,NA
1552,navire,ship,ship,ship,n,NA
1553,mignonne,cute,cute,cute,adj,NA
1554,ceux-là,those ones,those,,pro,
1555,rigole,laugh,laugh,laugh,v,NA
1556,matines,mornings,morning,,n,
1557,s'appelait,was called,call,,v,
1558,l'air,air,air,,n,
1559,guitare,guitar,guitar,guitar,n,NA
1560,trompette,trumpet,trumpet,trumpet,n,NA
1561,coin@o,quack,quack quack,quack,n,NA
1562,coins@o,quack,quack quack,quack,n,NA
1563,arracher,tear,tear,,v,
1564,cirque,circus,circus,circus,n,NA
1565,guirlandes,tinsel,tinsel,,n,
1566,ardoise,slate,slate,,n,
1567,grabouillages,dribble,dribble,,n,
1568,décoré,decorated,decorate,,v,
1569,croix,cross,cross,cross,part,NA
1570,malade,sick,sick,sick,adj,NA
1571,tapisserie,tapestry,tapestry,,n,
1572,téléphonais,phoned,phone,,v,
1573,viennent,are coming,come,,v,
1574,faudrait,should,should,should,mod,NA
1575,penser,think,think,think,v,NA
1576,l'attend,awaits,wait,,v,
1577,habiller,dress,dress,dress,part,NA
1578,short,shorts,shorts,shorts,n,NA
1579,avais,had,have,have,v,NA
1580,tapé,typed,type,,v,
1581,Juliette,juliette,juliette,,n,prop
1582,été,summer,summer,summer,n,NA
1583,habillé,dressed,dress,dress,part,NA
1584,sans,without,without,without,prep,NA
1585,habille,dressed,dress,dress,part,NA
1586,toile,canvas,canvas,,n,
1587,d'araignée,spider,spider,spider,n,NA
1588,mobile,mobile,mobile,mobile,adj,NA
1589,salle+de+bain,bathroom,bathroom,,n,
1590,Felix,felix,felix,,n,prop
1591,c'est,it is,be,,v,
1592,frigo,fridge,fridge,,n,
1593,compotes,jam,jam,,n,
1594,suisse,swiss,swiss,,adj,
1595,Kiri,kiri,kiri,,n,prop
1596,étale,spread,spread,spread,n,NA
1597,confiture,jam,jam,jam,n,NA
1598,devenir,become,become,,v,
1599,rechercher,search,search,search,n,NA
1600,l'oreille,ear,ear,,n,
1601,brosser,brush,brush,brush,n,NA
1602,poupées,dolls,doll,doll,n,NA
1603,coiffer,style,style,,v,
1604,serviette,towel,towel,towel,n,NA
1605,tissu,tissue,tissue,tissue,n,NA
1606,avoir,have,have,have,v,NA
1607,biscotte,biscuit,biscuit,,n,
1608,s'il,it,it,it,pro,per
1609,plaît,please,please,please,co,NA
1610,vas,going,go,go,v,NA
1611,coucher,sleep,sleep,sleep,adj,NA
1612,coquelicots,poppies,poppy,poppy,n,prop
1613,mésange,tit,tit,,n,
1614,pollen,pollen,pollen,,n,
1615,sept,seven,seven,seven,det,num
1616,limace,slug,slug,slug,n,NA
1617,fourmi,ant,ant,ant,n,NA
1618,puceron,aphid,aphid,,n,
1619,sauterelle,grasshopper,grasshopper,grass+hopper,n,NA
1620,chenille,caterpillar,caterpillar,caterpillar,n,NA
1621,punaise,tick,tick,,n,
1622,paf,wham,wham,wham,on,NA
1623,craqué,cracked,crack,crack,v,NA
1624,Blanc,white,white,white,adj,NA
1625,tienne,yours,yours,yours,pro,poss
1626,neuf,new,new,new,adj,NA
1627,vous,you,you,you,pro,per
1628,connaissez,know,know,know,v,NA
1629,nid,nest,nest,nest,n,NA
1630,tais,be quiet,be quiet,,v,
1631,merle,blackbird,blackbird,,n,
1632,siffle,whistles,whistle,,v,
1633,l'écureuil,squirrel,squirrel,,n,
1634,attrapé,caught,catch,catch,v,NA
1635,noisette,hazelnut,hazelnut,,n,
1636,gland,acorn,acorn,,n,
1637,fruit,fruit,fruit,fruit,n,NA
1638,sanglier,boar,boar,boar,n,NA
1639,creux,hollow,hollow,hollow,n,NA
1640,nuit,night,night,night,n,NA
1641,images,pictures,picture,,n,
1642,grosses,large,large,large,adj,NA
1643,coupent,cut,cut,cut,n,NA
1644,barbe,beard,beard,beard,n,NA
1645,pitch@o,tweet,tweet,tweet,on,NA
1646,d'étoile,star,star,,n,
1647,mien,mine,mine,mine,pro,poss
1648,socles,plinths,plinth,,n,
1649,socle,basement,basement,basement,n,NA
1650,Charli,charli,charli,,n,prop
1651,crochon,hook,hook,,n,
1652,porcherie,piggery,pig,,n,
1653,pif,snitch,snitch,,n,
1654,vagues,waves,wave,wave,n,NA
1655,poulailler,chicken coop,chicken coop,,n,
1656,Taloula,taloula,taloula,,n,prop
1657,au+secours,help,help,,v,
1658,niche,niche,niche,,n,
1659,abeilles,bees,bee,bee,n,NA
1660,pouac@o,pouac @ o,,,,
1661,m'enlever,take me away,take,,v,
1662,laver,wash,wash,wash,v,NA
1663,sent,feels,feel,feel,v,NA
1664,mauvais,bad,bad,bad,adj,NA
1665,l'essuyer,wipe,wipe,wipe,n,NA
1666,plonger,plunge,plunge,,v,
1667,douche,shower,shower,shower,n,NA
1668,habits,clothes,clothes,clothes,n,pt
1669,lave,wash,wash,wash,v,NA
1670,sèche,dried,dried,NA,NA,NA
1671,couche,layer,layer,,n,
1672,lacets,laces,lace,,n,
1673,Pâques,easter,easter,easter,n,prop
1674,pièces,rooms,room,,n,
1675,étaient,were,were,be,aux,NA
1676,bonnes,good,good,good,adj,NA
1677,tuc,,,,,
1678,crayons,pencils,pencil,,n,
1679,tasses,cups,cup,cup,n,NA
1680,bague,ring,ring,ring,n,NA
1681,Kadi,kadi,kadi,,n,prop
1682,Hippolyte,hippolyte,hippolyte,,n,prop
1683,Casimir,casimir,casimir,,n,prop
1684,t'as,you got,have,,v,
1685,entendu,heard,hear,hear,v,NA
1686,cartes,cards,card,card,n,NA
1687,énervé,edgy,edgy,,adj,
1688,dormir,sleep,sleep,sleep,adj,NA
1689,giling@o,giling @ o,,,,
1690,ferment,close,close,,v,
1691,seuls,only,only,only,adv,NA
1692,sommeil,sleep,sleep,sleep,adj,NA
1693,t'endormir,fall asleep,sleep,,v,
1694,éveille,awake,awake,awake,adj,NA
1695,empêche,stop,stop,stop,n,NA
1696,renards,foxes,fox,fox,n,NA
1697,rappelle,remember,remember,remember,co,NA
1698,monstres,monsters,monster,,n,
1699,rappelles,remember,remember,remember,co,NA
1700,restée,remained,stay,,v,
1701,d'orange,orange,orange,orange,adj,NA
1702,fessée,spanking,spank,,v,
1703,dormi,slept,sleep,sleep,adj,NA
1704,contentes,happy,happy,happy,adj,NA
1705,aj,aj,aj,,n,prop
1706,cric,jack,jack,jack,n,NA
1707,prends,take,take,take,v,NA
1708,m'essuie,wipe,wipe,,v,
1709,pars,leave,leave,leave,n,NA
1710,mamie,granny,granny,NA,NA,NA
1711,bulles,bubbles,bubbles,bubble,n,NA
1712,docteur,doctor,doctor,doctor,n,NA
1713,Biboulné,biboulné,biboulné,,n,prop
1714,pingouin,penguin,penguin,penguin,n,NA
1715,histoires,stories,story,story,n,NA
1716,entendre,hear,hear,hear,v,NA
1717,n'y,there,there,there,adv,NA
1718,médicament,drug,drug,,n,
1719,s'envole,flies,fly,fly,n,NA
1720,soignent,treat,treat,treat,n,NA
1721,pingouins,penguins,penguin,penguin,n,NA
1722,piqûre,sting,sting,sting,n,NA
1723,soigne,cared for,care,,v,
1724,dad,dad,dad,dad,n,prop
1725,mum,mum,mum,mum,n,NA
1726,bonbons,candy,candy,candy,n,NA
1727,formes,forms,form,form,v,NA
1728,biberon,baby bottle,bottle,,n,
1729,hippopotames,hippopotamuses,hippopotamus,,n,
1730,apportent,bring,bring,bring,v,NA
1731,pages,pages,page,page,n,NA
1732,m'allonge,lie down,lay,,v,
1733,fatiguée,tired,tired,,adj,
1734,m'allonger,lounged,lay,,v,
1735,cacao,cocoa,cocoa,,n,
1736,laissé,let,let,,v,
1737,viennes,come,come,come,v,NA
1738,t'asseois,you sit down,sit,,v,
1739,tout_de_suite,right now,now,,adv,
1740,wah,wah,wah,wah,co,NA
1741,Aba,aba,aba,,n,prop
1742,çà,it,it,it,pro,per
1743,Mar,mar,mar,,n,prop
1744,wouf@o,woof,woof woof,woof,on,NA
1745,wouf,woof,woof woof,woof,on,NA
1746,hum,hum,hum,hum,n,NA
1747,ceux-ci,these,these,these,pro,dem
1748,hé,hey,hey,hey,co,NA
1749,aìe,ouch,ouch,ouch,co,NA
1750,Leila,leila,leila,,n,prop
1751,A,at,at,at,prep,NA
1752,allumé,alight,light,,v,
1753,bom,bom,bom,bom,on,NA
1754,ba,ba,ba,ba,chi,NA
1755,Marie,married,married,NA,NA,NA
1756,loto,lottery,lottery,,n,
1757,miau,meow,meow,meow,on,NA
1758,part,go,go,go,v,NA
1759,doudous,teddy,teddy,,n,
1760,datte,date,date,date,n,NA
1761,mie,crumb,crumb,,n,
1762,tige,stem,stem,stem,n,NA
1763,livres,books,book,book,n,NA
1764,clés,keys,key,,n,
1765,maman,mom,mum,,n,
1766,chouchou,pet,pet,pet,n,NA
1767,hou_la,hou_la,,,,
1768,Ann,ann,ann,ann,n,prop
1769,l'oiseau,bird,bird,,n,
1770,entends,hear,hear,hear,v,NA
1771,l'lait,milk,milk,,n,
1772,mandarine,mandarin,mandarin,,n,
1773,Dad,dad,dad,dad,n,prop
1774,Mam,mam,mam,mam,co,NA
1775,Ger,ger,ger,,n,prop
1776,Ali,ali,ali,,n,prop
1777,Aline,aline,aline,,n,prop
1778,maline,clever,clever,,adj,
1779,voit,sees,see,see,v,NA
1780,clefs,keys,keys,key,n,NA
1781,clef,key,keys,key,n,NA
1782,s,s,s,s,n,let
1783,regardes,look,look,look,co,NA
1784,note,note,note,,v,
1785,boisson,drink,drink,drink,n,NA
1786,l'ouvre,opens,open,open,adj,NA
1787,h,h,h,h,n,let
1788,repas,meal,meal,meal,n,NA
1789,marron,brown,brown,brown,adj,NA
1790,oup,oup,,,,
1791,Matalie,matalie,matalie,,n,prop
1792,emporter,carry,carry,carry,part,NA
1793,filmer,filming,film,,v,
1794,miaou@o,meow,meow,meow,on,NA
1795,bê@o,baa,baa baa,baa,co,NA
1796,mo@o,moo,moo,moo,on,NA
1797,salade,salad,salad,salad,n,NA
1798,gommette,sticker,sticker,sticker,v,NA
1799,papier,paper,paper,paper,n,NA
1800,da,da,da,da,sing,NA
1801,gling,gling,,,,
1802,ceinture,belt,belt,belt,n,NA
1803,Natalie,natalie,natalie,,n,prop
1804,hi@o,hi @ o,,,,
1805,pff@o,pff @ o,,,,
1806,meuh@o,moo,moo,moo,on,NA
1807,culotte,cheeky,cheeky,,adj,
1808,barrette,bar,bar,bar,n,NA
1809,entrez,come in,enter,,v,
1810,celle-ci,this one,this,,pro,
1811,kluwn,kluwn,,,,
1812,bavette,bib,bib,bib,n,NA
1813,yaourt,yogurt,yogurt,yogurt,n,NA
1814,sales,dirty,dirty,dirty,v,NA
1815,celles-ci,these,these,these,pro,dem
1816,Géraldine,geraldine,geraldine,geraldine,n,prop
1817,cacahouètes,peanuts,peanut,peanut,n,NA
1818,kiwi,kiwi,kiwi,,n,
1819,groseilles,gooseberries,gooseberry,,n,
1820,bananes,bananas,banana,banana,n,NA
1821,collant,tights,tights,tights,n,pt
1822,hi+han,hee haw,hee haw,,co,
1823,Didou,didou,didou,,n,prop
1824,siège,seat,seat,seat,n,NA
1825,m'assoie,sit,sit,,v,
1826,assise,seated,sit,,v,
1827,filme,filming,film,,v,
1828,ohlàlà,oh dear,oh dear,,co,
1829,ça_y_est,that's it,is,,v,
1830,glin@o,glin @ o,,,,
1831,gling@o,gling @ o,,,,
1832,mouchoirs,tissue,tissue,,n,
1833,mocher,muck,muck,,n,
1834,Nathalie,nathalie,nathalie,,n,prop
1835,mouché,fly,fly,fly,n,NA
1836,Geraldine,geraldine,geraldine,geraldine,n,prop
1837,téléphoné,phone,phone,phone,n,NA
1838,Magalie,magalie,magalie,,n,prop
1839,ci,this,this,this,pro,dem
1840,Magali,magali,magali,,n,prop
1841,oups,oops,oops,oops,co,NA
1842,seule,only,only,only,adv,NA
1843,veste,jacket,jacket,jacket,n,NA
1844,crottes,droppings,dropping,,n,
1845,noeud,node,node,,n,
1846,couches,layers,layer,,n,
1847,téléphoner,call,call,call,part,NA
1848,porté,door,door,door,n,NA
1849,méchante,naughty,naughty,,adj,
1850,pédale,pedal,pedal,pedal,n,NA
1851,médicaments,medication,medication,,n,
1852,pédaler,pedal,pedal,pedal,n,NA
1853,wow,wow,wow,wow,co,NA
1854,d'eau,water,water,water,n,NA
1855,M,m,m,m,n,let
1856,baume,balm,balm,balm,n,NA
1857,lèvres,lips,lips,lip,n,NA
1858,s'assied,sits,sit,sit,v,NA
1859,lèvre,lip,lips,lip,n,NA
1860,l'ours,bear,bear,bear,n,NA
1861,gêne,uncomfortable,uncomfortable,NA,NA,NA
1862,gelée,jelly,jelly,jelly,n,NA
1863,skis,skis,ski,ski,n,NA
1864,semelles,soles,sole,,n,
1865,marché,market,market,market,n,NA
1866,bougie,candle,candle,candle,n,NA
1867,flamme,flame,flame,,n,
1868,cygne,swan,swan,swan,n,NA
1869,allumette,matches,match,match,n,NA
1870,l'allumette,match,match,,n,
1871,l'attache,attachment,attachment,,n,
1872,l'arrête,stops,stop,stop,n,NA
1873,valise,suitcase,suitcase,suitcase,n,NA
1874,Pie,pie,pie,,n,prop
1875,enlevée,removed,remove,,v,
1876,maïs,but,but,but,conj,NA
1877,cuillères,spoons,spoon,spoon,n,NA
1878,couteaux,knives,knife,knife,n,NA
1879,fatigue,tired,tired,NA,NA,NA
1880,envolée,fly,fly,,v,
1881,l'arrêter,stop,stop,stop,n,NA
1882,casque,helmet,helmet,helmet,n,NA
1883,Pierre,pierre,pierre,,n,prop
1884,poussette,stroller,stroller,NA,NA,NA
1885,nu,naked,naked,naked,adj,NA
1886,pêcher,fish,fish,fish,n,NA
1887,clair,clear,clear,,adj,
1888,pêché,peach,peach,peach,n,NA
1889,Cathy,cathy,cathy,cathy,n,prop
1890,dauphin,dolphin,dolphin,dolphin,n,NA
1891,pêche,peach,peach,peach,n,NA
1892,arnica,arnica,arnica,arnica,n,NA
1893,arnica,arnica,arnica,,n,
1894,enc,enc,,,,
1895,chaudron,cauldron,cauldron,cauldron,n,NA
1896,pommade,cream,cream,,n,
1897,télé,tv,tv,,n,
1898,meunier,miller,miller,,n,
1899,dors,sleep,sleep,sleep,adj,NA
1900,Mulottin,mulottin,mulottin,,n,prop
1901,qui,who,who,,pro,
1902,doudou,teddy,teddy,,n,
1903,minutes,minutes,minute,minute,n,NA
1904,matin,morning,morning,morning,n,NA
1905,billet,ticket,ticket,ticket,n,NA
1906,bécassine,snipe,snipe,,n,
1907,marionnette,puppet,puppet,,n,
1908,saigne,bleeding,bleed,,v,
1909,sang,blood,blood,blood,n,NA
1910,vaches,cows,cow,cow,n,NA
1911,saigné,bled,bleed,,v,
1912,être,be,be,be,aux,NA
1913,portée,carried,carry,,v,
1914,Océ,océ,océ,,n,prop
1915,parler,speak,speak,speak,v,NA
1916,Syl,syl,syl,,n,prop
1917,offert,free,free,free,adj,NA
1918,Tho,tho,tho,,n,prop
1919,Man,man,man,man,n,NA
1920,thé,tea,tea,tea,n,NA
1921,pétales,petals,petal,petal,n,NA
1922,photos,pictures,picture,picture,n,NA
1923,t'ai,has,have,,v,
1924,servi,served,serve,,v,
1925,bouée,buoy,buoy,,n,
1926,cerf+volant,kite,kite,,n,
1927,parasol,umbrella,umbrella,,n,
1928,revenir,return,return,return,v,NA
1929,mi,mid,mid,,adv,
1930,détacher,detach,detach,,v,
1931,allée,driveway,driveway,driveway,n,NA
1932,panda,panda,panda,panda,n,NA
1933,mois,month,month,,n,
1934,vilain,ugly,ugly,ugly,adj,NA
1935,rouge+à+lèvres,lipstick,lipstick,,n,
1936,agrafeuse,stapler,stapler,,n,
1937,sage,wise,wise,wise,n,prop
1938,essayé,tried,try,try,v,NA
1939,parquet,parquet,parquet,,n,
1940,église,church,church,church,n,NA
1941,s'asseoir,sit,sit,sit,v,NA
1942,galipette,somersault,somersault,somersault,n,NA
1943,temps,time,time,time,n,NA
1944,Velcro,velcro,velcro,velcro,v,NA
1945,m'asseoir,sit,sit,sit,v,NA
1946,n'énerver,not excited,excite,,v,
1947,servir,serve,serve,,v,
1948,broche,brooch,brooch,,n,
1949,broches,pin,pin,pin,n,NA
1950,ensuite,then,then,then,adv,tem
1951,rang,rank,rank,,n,
1952,verser,pay,pay,pay,v,NA
1953,gonfle,inflated,inflate,,v,
1954,ski,ski,ski,ski,n,NA
1955,obligé,required,require,,v,
1956,ciseaux,scissors,scissors,scissors,n,NA
1957,peine,trouble,trouble,trouble,n,NA
1958,sonner,ring,ring,ring,n,NA
1959,rester,stay,stay,stay,n,NA
1960,bougies,candles,candle,candle,n,NA
1961,mieux,better,better,NA,NA,NA
1962,forte,strong,strong,strong,adj,NA
1963,baignoire,bath,bath,bath,n,NA
1964,regardé,looked,look,look,co,NA
1965,poussé,pushed,push,,v,
1966,patins,skates,skate,skate,n,NA
1967,roulettes,wheels,wheel,,n,
1968,cassés,broken,break,break,v,NA
1969,dames,ladies,lady,lady,n,NA
1970,messieurs,gentlemen,gentleman,gentleman,n,NA
1971,réveille,wake up,wake up,,v,
1972,marchande,merchant,merchant,,n,
1973,framboises,raspberries,raspberry,raspberry,n,NA
1974,pommes,apples,apple,apple,n,NA
1975,l,l,l,l,n,let
1976,barrettes,strips,strip,,n,
1977,mandarines,tangerines,tangerine,,n,
1978,plusieurs,many,many,many,qn,NA
1979,peser,weigh,weigh,weigh,v,NA
1980,euros,euros,euro,,n,
1981,rhume,cold,cold,cold,n,NA
1982,marionnettes,puppets,puppet,puppet,n,NA
1983,l'argent,money,money,money,n,NA
1984,nan,nope,nope,nope,co,NA
1985,tien,yours,yours,yours,pro,poss
1986,propres,own,own,own,adj,NA
1987,partir,go,go,go,v,NA
1988,revient,come back,come back,,v,
1989,doit,must,must,must,mod,NA
1990,travaillé,work,work,work,n,NA
1991,arrivée,arrive,arrive,,v,
1992,Ana,ana,ana,ana,n,prop
1993,poussière,dust,dust,dust,n,NA
1994,pareil, same,same,,adv,
1995,d',of,of,of,prep,NA
1996,commence,begin,begin,begin,v,NA
1997,bouger,move,move,move,n,NA
1998,sandales,sandals,sandal,sandal,n,NA
1999,m'essayer,try me,try,,v,
2000,presque,almost,almost,almost,adv,NA
2001,fermés,closed,close,close,v,NA
2002,faite,done,do,do,mod,NA
2003,parties,parts,part,part,n,NA
2004,nettoyer,clean,clean,clean,adj,NA
2005,l'aspirateur,vacuum,vacuum,vacuum,n,NA
2006,corde,rope,rope,rope,n,NA
2007,remue,shakes,shake,shake,n,NA
2008,préfère,prefer,prefer,,v,
2009,appareil+photo,camera  ,camera,,n,
2010,prête,ready,ready,ready,adj,NA
2011,rend,makes,make,make,v,NA
2012,joues,play,play,play,n,NA
2013,prennes,take,take,,v,
2014,couler,flow,flow,,v,
2015,remues,stirred,stir,,v,
2016,Léa,lea,lea,,n,prop
2017,biberons,bottles,bottle,,n,
2018,porte+monnaie,change,change,,n,
2019,coquillages,shells,shell,shell,n,NA
2020,fallait,needed,need,need,v,NA
2021,devant,in front of,in front of,,prep,
2022,argent,silver,silver,silver,adj,NA
2023,vends,sell,sell,sell,v,NA
2024,d'argent,silver,silver,silver,adj,NA
2025,Ma,my,my,my,co,NA
2026,Mami,mami,mami,,n,prop
2027,aspirateur,vacuum,vacuum,vacuum,n,NA
2028,veulent,want,want,want,v,NA
2029,l'yyy, yyy,,,,
2030,pu,could,could,could,mod,NA
2031,pièce,room,room,room,n,NA
2032,soulève,lift up,lift,,v,
2033,tombées,fallen,fall,,v,
2034,midi,midday,midday,,n,
2035,glaçage,icing,icing,,n,
2036,joyeux,happy,happy,happy,adj,NA
2037,d'anniversaire,birthday,birthday,birth+day,n,NA
2038,bonne,good,good,good,adj,NA
2039,fils,son,son,son,n,prop
2040,t'aider,help you,help,,v,
2041,t'arrives,you arrive,arrive,,v,
2042,t'aides,you support,support,,v,
2043,colliers,necklaces,necklace,necklace,n,NA
2044,besoin,need,need,need,v,NA
2045,argents,money,money,,n,
2046,Cor,horn,horn,horn,n,NA
2047,caméra,camera,camera,camera,n,NA
2048,rendre,return,return,return,v,NA
2049,euro,euro,euro,,n,
2050,jettent,throw,throw,throw,v,NA
2051,s'endormi,fell asleep,sleep,,v,
2052,donnes,give,give,give,v,NA
2053,gommettes,stickers,sticker,sticker,v,NA
2054,regardait,looked,look,look,co,NA
2055,montré,shown,show,,v,
2056,plutôt,rather,rather,rather,adv,NA
2057,t'avais,you had,have,,v,
2058,tondeuse,mower,mower,,n,
2059,juste,fair,fair,fair,adv,NA
2060,cannes,canes,cane,,n,
2061,craquer,crack,crack,crack,v,NA
2062,gentille,gentle,gentle,gentle,adj,NA
2063,tires,tires,tire,tire,part,NA
2064,l'ascenseur,elevator,elevator,,n,
2065,ceux,those,those,those,pro,dem
2066,glisser,slip,slip,slip,part,NA
2067,chiens,dogs,dog,dog,n,NA
2068,terminé,finished,finish,,v,
2069,glaces,ice,ice,ice,n,NA
2070,quille,skittle,skittle,,n,
2071,Mol,mol,mol,,n,prop
2072,Mae,mae,mae,,n,prop
2073,miammiam,miammiam,yum yum,,co,
2074,mama,mama,mama,mama,n,prop
2075,parfait,perfect,perfect,perfect,adj,NA
2076,namam@o,yum,yum yum,yum,co,NA
2077,bru,daughter-in-law,daughter-in-law,,,
2078,dou@o,dou @ o,,,,
2079,hoh,hoh,,,,
2080,nah,nah,nah,nah,co,NA
2081,dédé,dedicated,dedicated,,adj,
2082,da@o,o da @,,,,
2083,mrr@o,mrr @ o,,,,
2084,brr,brr,brr,brr,on,NA
2085,toutou,doggie,doggie,doggie,n,prop
2086,ohoh,oh oh,,,,
2087,ouah,wow,wow,wow,co,NA
2088,baa@o,baa,baa baa,baa,co,NA
2089,cocococo@o,cock_a_doodle_doo,cockadoodledoo,cock+a+doodle+doo,on,NA
2090,feutre,felt,feel,feel,v,NA
2091,bourdon,bumblebee,bumblebee,bumble+bee,n,NA
2092,cococo@o,quack,quack quack,quack,n,NA
2093,coco,coconut,coconut,,n,
2094,mh,mh,,,,
2095,mmm@o,mmm @ o,,,,
2096,be@o,baa,baa baa,baa,co,NA
2097,cr@o,cr @o,,,,
2098,Coco,coco,coco,coco,n,prop
2099,Dingo,dingo,dingo,,n,prop
2100,piou@o,tweet,tweet,tweet,on,NA
2101,fff@o,fff @ o,,,,
2102,hah,hah,hah,hah,co,NA
2103,r:@o,grr,grrr,grr,co,NA
2104,R:,grr,grrr,grr,co,NA
2105,vru@o,vroom,vroom,vroom,co,NA
2106,a,has,have,,v,
2107,po@o,@ po o,,,,
2108,co@o,co @ o,,,,
2109,Tintin,tintin,tintin,,n,prop
2110,Chl,chl,chl,,n,prop
2111,Mathias,mathias,mathias,,n,prop
2112,popo@o,popo @ o,,,,
2113,ciao,ciao,ciao,,co,
2114,dernier,last,last,,prep,
2115,selle,saddle,saddle,saddle,n,NA
2116,dromadaire,camel,camel,camel,n,NA
2117,bisous,kisses,kiss,kiss,n,NA
2118,cousin,cousin,cousin,cousin,n,NA
2119,Chloé,chloe,chloe,chloe,n,prop
2120,sabre,saber,saber,saber,n,NA
2121,gourde,squash,squash,,n,
2122,canaille,course,course,,adj,
2123,tabouret,stool,stool,stool,n,NA
2124,soupière,tureen,tureen,,n,
2125,pépé,grandpa,grandpa,grandpa,n,prop
2126,aboie,barks,bark,,v,
2127,éloigner,remove,remove,remove,v,NA
2128,éloigné,distant,distant,,adj,
2129,houh,houh,,,,
2130,j'y,i,i,i,n,let
2131,Margaux,margaux,margaux,,n,prop
2132,cocottes,hens,hen,,n,
2133,revoir,see again,see,,v,
2134,chariot,cart,cart,cart,n,NA
2135,voum@o,vroom,vroom,vroom,co,NA
2136,Barbie,barbie,barbie,barbie,n,prop
2137,silence,silence,silence,,n,
2138,chouchous,scrunchies,scrunchies,,n,
2139,donc,so,so,so,adv,NA
2140,chasseur,hunter,hunter,NA,NA,NA
2141,peigne,comb,comb,comb,n,NA
2142,dentifrice,toothpaste,toothpaste,NA,NA,NA
2143,fifille,girl,girl,,n,
2144,Caline,caline,caline,,n,prop
2145,porte+manteaux,coats,coat,,n,
2146,hérisson,hedgehog,hedgehog,hedgehog,n,NA
2147,Emilie,emilie,emilie,,n,prop
2148,Chloée,chloée,chloée,,n,prop
2149,celles-là,those ones,those,,det,
2150,hoquet,hiccup,hiccup,,n,
2151,nus,naked,naked,naked,adj,NA
2152,qu'à,only,only,only,adv,NA
2153,titine@f,titin @ f,,,,
2154,vas_y,go ahead,go,,v,
2155,idée,idea,idea,idea,n,NA
2156,poteau,post,post,,n,
2157,mamans,moms,mum,,n,
2158,l'ombre,shadow,shadow,,n,
2159,reparti,leave again,leave,,v,
2160,coller,paste,paste,paste,n,NA
2161,salut,hi,hi,hi,co,NA
2162,pchi@o,tweet,tweet,tweet,on,NA
2163,ch@o,ch @ o,,,,
2164,tchhh@o,tchhh @ o,,,,
2165,colles,glues,glue,glue,n,NA
2166,grands,great,great,great,adj,NA
2167,voila,here is,here,,adv,
2168,couverture,blanket,blanket,blanket,n,NA
2169,manchot,penguin,penguin,penguin,n,NA
2170,lever,raise,raise,,v,
2171,enlèves,take away,take,,v,
2172,Daisy,daisy,daisy,daisy,n,prop
2173,danser,dance,dance,dance,part,NA
2174,chasse,hunt,hunt,hunt,n,NA
2175,Bijou,bijou,bijou,,n,prop
2176,pou,louse,louse,,n,
2177,to,to,to,to,prep,NA
2178,be,be,be,be,aux,NA
2179,rigolé,laugh,laugh,laugh,v,NA
2180,endormi,sleeping,sleep,sleep,adj,NA
2181,mère+grand,grandmother,grandmother,,n,
2182,chaperon,chaperone,chaperone,,n,
2183,troisième,third,third,third,n,NA
2184,lionne,lioness,lion,,n,
2185,chameau,camel,camel,camel,n,NA
2186,hippopotamtam,hippopotamuses,hippopotamus,,n,
2187,castor,beaver,beaver,beaver,n,prop
2188,Simba,simba,simba,simba,n,prop
2189,Zazou,zazou,zazou,,n,prop
2190,eux,them,them,them,pro,obj
2191,souffler,blow,blow,blow,n,NA
2192,boulot,job,job,job,n,NA
2193,Hél,hel,hel,,n,prop
2194,Raphael,raphael,raphael,,n,prop
2195,Maria,maria,maria,,n,prop
2196,Victor,victor,victor,victor,n,prop
2197,Estelle,estelle,estelle,,n,prop
2198,Sidney,sidney,sidney,,n,prop
2199,Anais,anais,anais,,n,prop
2200,Maéva,maeva,maeva,,n,prop
2201,Christelle,christelle,christelle,,n,prop
2202,Louis,louis,louis,,n,prop
2203,Eléonor,eleonor,eleonor,,n,prop
2204,Tiago,tiago,tiago,,n,prop
2205,Oméga,omega,omega,,n,prop
2206,Maxime,maxim,maxim,,n,prop
2207,Hélène,helena,helena,,n,prop
2208,quel,what,what,what,pro,int
2209,lequel,which,which,which,pro,rel
2210,Dumbo,dumbo,dumbo,,n,prop
2211,Po,po,po,po,n,prop
2212,Teletubbies,teletubbies,teletubbies,teletubbies,n,prop
2213,Dipsi,dipsi,dipsi,,n,prop
2214,urgence,emergency,emergency,emergency,n,NA
2215,waouh@o,wow,wow,,co,
2216,gratter,scratch,scratch,scratch,adj,NA
2217,quitter,leave,leave,leave,n,NA
2218,continuer,continue,continue,,v,
2219,chauffé,heated,heat,,v,
2220,accroché,hooked,hook,,v,
2221,d'elle,it,it,it,pro,per
2222,laisser,let,let,let,v,NA
2223,galop,gallop,gallop,,v,
2224,là-dessous,under there,under,,prep,
2225,qu'une,a,a,a,det,art
2226,pareille,like,like,like,v,NA
2227,pris,taken,take,take,v,NA
2228,essuyer,wipe,wipe,wipe,n,NA
2229,assez,enough,enough,enough,adv,NA
2230,c'es,these,these,these,pro,dem
2231,mélanger,mix,mix,mix,part,NA
2232,messieur,messieur,mister,,n,
2233,pantin,puppet,puppet,puppet,n,NA
2234,triangle,triangle,triangle,triangle,n,NA
2235,balançoires,swings,swing,swing,n,NA
2236,té,you,you,you,pro,per
2237,papillons,butterflies,butterfly,butter+fly,n,NA
2238,Lucie,lucy,lucy,lucy,n,prop
2239,tam@o,o tom @,,,,
2240,cocos,coconuts,coconut,,n,
2241,j'essaie,i try,try,,v,
2242,s'amuser,enjoy,enjoy,,v,
2243,enfermé,shut in,shut,,v,
2244,tant_pis,never mind,nevermind,,adv,
2245,popo,popo,,,,
2246,l'ouvrir,open,open,open,adj,NA
2247,ciseau,scissors,scissors,,n,
2248,Nemo,nemo,nemo,nemo,n,prop
2249,remets,put,put,,v,
2250,coup,hit,hit,,n,
2251,secoues,shake,shake,shake,n,NA
2252,secoue,shaken,shake,,v,
2253,l'avoir,have it,have,,v,
2254,Martin,martin,martin,martin,n,prop
2255,magie,magic,magic,magic,n,NA
2256,requin,shark,shark,shark,n,NA
2257,Bruce,bruce,bruce,bruce,n,prop
2258,caillou,pebble,pebble,,n,
2259,lécher,lick,lick,lick,v,NA
2260,flèche,arrow,arrow,arrow,n,NA
2261,arrives,arrived,arrive,,v,
2262,cheveu,hair,hair,hair,n,NA
2263,coeurs,hearts,heart,heart,n,NA
2264,suis,am,be,be,aux,NA
2265,copines,girlfriends,friend,,n,
2266,genou,knee,knee,knee,n,NA
2267,Lapin,rabbit,rabbit,rabbit,n,NA
2268,poli,polished,polish,,v,
2269,youh@o,youh @ o,,,,
2270,yaouh@o,yaouh @ o,,,,
2271,griffé,claw,claw,claw,n,NA
2272,thermomètre,thermometer,thermometer,,n,
2273,fff@o,fff @o,,,,
2274,tension,stress,stress,,n,
2275,sérum,serum,serum,,n,
2276,finit,ends,end,end,n,NA
2277,wi@o,whee,whee,whee,co,NA
2278,chauffer,heat,heat,heat,n,NA
2279,pss@o,hiss,hiss,,co,
2280,finis,finished,finish,finish,part,NA
2281,pipis,pee,pee,,n,
2282,préparer,prepare,prepare,,v,
2283,sss@o,hiss,hiss,,co,
2284,poivre,pepper,pepper,pepper,n,NA
2285,chiffon,cloth,cloth,cloth,n,NA
2286,marmotte,marmot,marmot,,n,
2287,coquillage,shell,shell,shell,n,NA
2288,assieds,sit,sit,sit,v,NA
2289,Tubby,tubby,tubby,tubby,adj,NA
2290,Télétubbies,teletubbies,teletubbies,teletubbies,n,prop
2291,cherché,found,find,,v,
2292,Teletubby,teletubby,teletubby,teletubby,n,prop
2293,chuté,fall,fall,fall,v,NA
2294,baissé,fallen,fall,,v,
2295,guéri,cured,cure,,v,
2296,trompé,tricked,trick,,v,
