num_item_id,definition,type,category,16,17,18,19,20,21,22,23,24,25,26,27,28,29,30
1,aie,word,sounds,0.3,0.38,0,0.55,0.52,0.68,0.76,0.7,0.78,0.83,0.81,0.81,0.79,0.69,0.9
2,allo,word,sounds,0.48,0.62,0,0.82,0.72,0.77,0.83,0.89,0.93,1,0.94,0.92,0.91,0.94,0.97
3,bêê bêê,word,sounds,0.19,0.15,0,0.36,0.38,0.54,0.51,0.58,0.59,0.69,0.59,0.73,0.53,0.6,0.62
4,cocorico,word,sounds,0.03,0.04,0,0.18,0.25,0.2,0.24,0.21,0.28,0.36,0.44,0.35,0.44,0.37,0.48
5,coin coin,word,sounds,0.19,0.27,0,0.55,0.35,0.41,0.54,0.65,0.58,0.6,0.69,0.81,0.59,0.51,0.76
6,grrrr,word,sounds,0.33,0.23,0,0.36,0.5,0.46,0.44,0.46,0.55,0.64,0.53,0.58,0.44,0.37,0.52
7,meuh,word,sounds,0.36,0.35,0,0.64,0.75,0.79,0.71,0.72,0.77,0.81,0.81,0.85,0.74,0.77,0.93
8,miam miam,word,sounds,0.36,0.27,0,0.36,0.32,0.38,0.46,0.55,0.47,0.38,0.47,0.35,0.38,0.23,0.48
9,miaou,word,sounds,0.34,0.27,0,0.64,0.55,0.71,0.66,0.68,0.78,0.79,0.78,0.88,0.76,0.77,0.9
10,oh oh,word,sounds,0.45,0.5,0,0.55,0.7,0.62,0.63,0.58,0.68,0.71,0.69,0.73,0.68,0.46,0.66
11,ouaf ouaf,word,sounds,0.42,0.54,0,1,0.6,0.73,0.83,0.65,0.68,0.71,0.81,0.69,0.62,0.6,0.72
12,tchou tchou,word,sounds,0.12,0.08,0,0.18,0.32,0.34,0.34,0.46,0.36,0.52,0.44,0.35,0.44,0.4,0.41
13,vroum,word,sounds,0.34,0.54,0,0.73,0.57,0.62,0.61,0.73,0.57,0.67,0.78,0.62,0.59,0.43,0.69
14,ainsi font font,word,games_routines,0.13,0.27,0,0.27,0.2,0.25,0.32,0.3,0.39,0.48,0.34,0.42,0.53,0.54,0.31
15,au revoir,word,games_routines,0.39,0.5,0,1,0.65,0.84,0.85,0.86,0.88,0.88,0.91,0.88,0.97,0.91,1
16,bain,word,games_routines,0.24,0.31,0,0.73,0.55,0.7,0.8,0.83,0.84,0.93,0.81,0.81,0.91,0.91,1
17,bonjour,word,games_routines,0.03,0.15,0,0.45,0.38,0.48,0.63,0.59,0.7,0.86,0.81,0.81,0.85,0.94,0.93
18,bonne nuit,word,games_routines,0.07,0.12,0,0.18,0.25,0.23,0.41,0.39,0.55,0.64,0.75,0.54,0.82,0.77,0.69
19,bravo,word,games_routines,0.27,0.42,0,0.91,0.6,0.71,0.76,0.87,0.91,0.88,0.91,0.92,0.94,0.91,1
20,ce petit cochon,word,games_routines,0,0.04,0,0,0.02,0,0.1,0.1,0.11,0.12,0.19,0.15,0.21,0.14,0.28
21,chut,word,games_routines,0.18,0.31,0,0.45,0.4,0.62,0.59,0.68,0.71,0.71,0.75,0.73,0.91,0.77,0.97
22,coucou,word,games_routines,0.36,0.42,0,0.91,0.6,0.8,0.9,0.83,0.9,0.88,0.94,0.81,1,0.86,0.93
23,coup de fil,word,games_routines,0,0,0,0,0.02,0,0,0.03,0.05,0.05,0.03,0.08,0.03,0.06,0.1
24,déjeuner,word,games_routines,0,0,0,0.18,0.05,0.05,0.15,0.14,0.18,0.26,0.28,0.27,0.15,0.43,0.38
25,dîner,word,games_routines,0,0,0,0.18,0,0,0.07,0.13,0.13,0.17,0.09,0.15,0.06,0.2,0.28
26,faire les courses,word,games_routines,0.01,0,0,0.09,0.02,0.09,0.2,0.17,0.24,0.43,0.47,0.46,0.68,0.74,0.59
27,goûter,word,games_routines,0.04,0.04,0,0.18,0.22,0.12,0.29,0.37,0.4,0.55,0.38,0.58,0.76,0.8,0.69
28,je vais t'attraper,word,games_routines,0.03,0.04,0,0.09,0.02,0.05,0.15,0.13,0.22,0.21,0.28,0.27,0.47,0.54,0.59
29,merci,word,games_routines,0.28,0.54,0,0.82,0.62,0.75,0.8,0.8,0.89,0.93,0.94,0.88,0.94,0.94,0.97
30,ne fais pas,word,games_routines,0.03,0.08,0,0.18,0.08,0.14,0.12,0.17,0.31,0.29,0.44,0.31,0.41,0.63,0.55
31,non,word,games_routines,0.55,0.62,0,1,0.75,0.84,0.93,0.92,0.92,0.98,0.97,0.92,1,0.89,0.97
32,oui,word,games_routines,0.21,0.27,0,0.73,0.57,0.71,0.68,0.82,0.82,0.93,0.94,0.88,0.94,0.91,0.93
33,petit déjeuner,word,games_routines,0,0,0,0.09,0.05,0,0.05,0.08,0.19,0.24,0.16,0.23,0.29,0.46,0.45
34,s'il te plait,word,games_routines,0.04,0.15,0,0.45,0.22,0.27,0.44,0.51,0.62,0.62,0.75,0.77,0.82,0.91,0.83
35,salut,word,games_routines,0.03,0.04,0,0.09,0.3,0.14,0.34,0.27,0.34,0.48,0.5,0.5,0.56,0.4,0.45
36,sieste,word,games_routines,0.06,0.04,0,0.09,0.02,0.02,0.1,0.24,0.31,0.45,0.44,0.35,0.65,0.83,0.62
37,top là ,word,games_routines,0.06,0.12,0,0,0.02,0.07,0.02,0.13,0.12,0.07,0.03,0.04,0.06,0,0.14
38,tourne-toi,word,games_routines,0,0.04,0,0,0.08,0.04,0.05,0.1,0.18,0.21,0.22,0.27,0.35,0.49,0.34
39,va sur le pot,word,games_routines,0.01,0.04,0,0.09,0.05,0.11,0.24,0.14,0.24,0.33,0.25,0.31,0.47,0.46,0.59
40,avion,word,vehicles,0.1,0.08,0,0.55,0.45,0.5,0.73,0.62,0.67,0.83,0.72,0.73,0.91,0.94,0.79
41,bateau,word,vehicles,0.16,0.12,0,0.45,0.42,0.54,0.61,0.66,0.7,0.88,0.75,0.81,0.79,0.91,0.83
42,bus,word,vehicles,0.03,0.04,0,0.09,0.05,0.14,0.34,0.41,0.33,0.36,0.41,0.27,0.47,0.54,0.45
43,camion,word,vehicles,0.03,0.04,0,0.36,0.38,0.39,0.59,0.56,0.59,0.81,0.72,0.81,0.85,0.97,0.79
44,camion de pompier,word,vehicles,0.03,0,0,0,0.02,0.09,0.2,0.18,0.24,0.43,0.28,0.42,0.47,0.63,0.55
45,hélicoptère,word,vehicles,0.01,0,0,0,0.1,0.11,0.29,0.25,0.32,0.29,0.38,0.35,0.47,0.66,0.45
46,moto,word,vehicles,0.09,0.15,0,0.27,0.45,0.48,0.61,0.65,0.6,0.86,0.78,0.77,0.82,0.94,0.83
47,poussette,word,vehicles,0.06,0.15,0,0.55,0.25,0.45,0.46,0.51,0.64,0.76,0.72,0.69,0.94,0.77,0.83
48,tracteur,word,vehicles,0.03,0.08,0,0.55,0.35,0.32,0.41,0.48,0.52,0.64,0.69,0.73,0.59,0.89,0.79
49,train,word,vehicles,0.06,0.04,0,0.36,0.32,0.27,0.49,0.52,0.55,0.67,0.66,0.69,0.68,0.94,0.79
50,traineau,word,vehicles,0,0,0,0,0,0.04,0,0,0.02,0.07,0.06,0,0.09,0.06,0.14
51,tricycle,word,vehicles,0,0,0,0.09,0,0.04,0,0.01,0.08,0.02,0.06,0.04,0.06,0.06,0.21
52,vélo,word,vehicles,0.04,0.08,0,0.45,0.45,0.62,0.63,0.68,0.75,0.83,0.75,0.96,0.88,0.97,0.93
53,voiture,word,vehicles,0.1,0.23,0,0.73,0.42,0.61,0.66,0.66,0.75,0.93,0.84,0.92,0.88,0.91,0.93
54,abeille,word,animals,0.01,0,0,0.18,0.08,0.16,0.2,0.27,0.33,0.38,0.38,0.27,0.5,0.69,0.45
55,agneau,word,animals,0,0,0,0,0.02,0.02,0.05,0.03,0.08,0.07,0.12,0.15,0.18,0.26,0.21
56,âne,word,animals,0.01,0.04,0,0.09,0.22,0.16,0.27,0.35,0.28,0.38,0.38,0.31,0.32,0.57,0.45
57,animal,word,animals,0.03,0,0,0.09,0.12,0.04,0.12,0.17,0.17,0.31,0.22,0.27,0.29,0.46,0.41
58,bébé chat,word,animals,0.03,0,0,0,0.1,0.25,0.12,0.21,0.28,0.4,0.31,0.35,0.59,0.43,0.41
59,bébé chien,word,animals,0.01,0.04,0,0.09,0.1,0.25,0.02,0.21,0.26,0.36,0.31,0.31,0.47,0.43,0.41
60,biche,word,animals,0.03,0.04,0,0.18,0,0.07,0.22,0.25,0.18,0.17,0.22,0.19,0.29,0.43,0.24
61,canard,word,animals,0.12,0.12,0,0.55,0.35,0.43,0.66,0.69,0.69,0.76,0.81,0.81,0.82,0.94,0.9
62,chat,word,animals,0.22,0.38,0,0.82,0.52,0.79,0.83,0.75,0.87,0.95,0.97,0.92,0.97,0.97,1
63,cheval,word,animals,0.03,0.15,0,0.36,0.35,0.38,0.49,0.48,0.65,0.79,0.72,0.77,0.82,0.89,0.76
64,chèvre,word,animals,0.01,0,0,0,0.2,0.07,0.1,0.32,0.23,0.26,0.38,0.42,0.38,0.69,0.48
65,chien,word,animals,0.18,0.35,0,0.91,0.5,0.71,0.78,0.75,0.8,0.95,0.91,0.88,1,0.97,1
66,cochon,word,animals,0.03,0.04,0,0.64,0.32,0.41,0.54,0.54,0.63,0.74,0.72,0.69,0.82,0.91,0.86
67,coq,word,animals,0.03,0,0,0.36,0.28,0.29,0.29,0.44,0.36,0.45,0.62,0.62,0.44,0.69,0.69
68,crocodile,word,animals,0.03,0,0,0.18,0.18,0.23,0.37,0.25,0.37,0.45,0.62,0.54,0.68,0.8,0.62
69,dindon,word,animals,0,0,0,0.09,0.08,0.16,0.07,0.21,0.13,0.19,0.31,0.15,0.12,0.23,0.41
70,écureuil,word,animals,0.01,0,0,0.09,0.08,0.11,0.17,0.27,0.22,0.31,0.31,0.31,0.41,0.6,0.28
71,éléphant,word,animals,0.01,0,0,0.55,0.2,0.27,0.41,0.44,0.57,0.69,0.66,0.69,0.79,0.8,0.79
72,fourmi,word,animals,0.01,0,0,0,0.08,0.16,0.24,0.31,0.29,0.43,0.47,0.42,0.59,0.71,0.62
73,girafe,word,animals,0.01,0,0,0.27,0.1,0.21,0.32,0.42,0.46,0.57,0.53,0.65,0.56,0.83,0.66
74,grenouille,word,animals,0.01,0,0,0.18,0.15,0.2,0.34,0.44,0.38,0.48,0.53,0.62,0.56,0.86,0.69
75,hibou,word,animals,0.03,0.04,0,0.09,0.18,0.18,0.24,0.37,0.35,0.24,0.38,0.42,0.35,0.54,0.45
76,lapin,word,animals,0.15,0.31,0,0.73,0.55,0.57,0.71,0.68,0.79,0.81,0.84,0.85,0.94,0.94,1
77,lion,word,animals,0.01,0,0,0.55,0.2,0.27,0.41,0.44,0.49,0.57,0.69,0.77,0.65,0.89,0.83
78,loup,word,animals,0.03,0,0,0.18,0.25,0.29,0.32,0.42,0.5,0.64,0.47,0.58,0.68,0.86,0.72
79,mouton,word,animals,0.01,0.04,0,0.36,0.22,0.29,0.46,0.49,0.52,0.67,0.56,0.62,0.56,0.86,0.86
80,nounours,word,animals,0.04,0.23,0,0.27,0.4,0.54,0.63,0.55,0.67,0.81,0.72,0.77,0.88,0.91,0.9
81,oie,word,animals,0.01,0,0,0.09,0.02,0.05,0.07,0.27,0.18,0.14,0.25,0.15,0.24,0.29,0.31
82,oiseau,word,animals,0.06,0.19,0,0.73,0.5,0.55,0.66,0.59,0.78,0.9,0.75,0.81,0.85,1,0.93
83,ours,word,animals,0.04,0.08,0,0.18,0.28,0.27,0.37,0.39,0.5,0.55,0.59,0.46,0.56,0.74,0.93
84,papillon,word,animals,0.01,0.04,0,0.18,0.25,0.34,0.46,0.38,0.47,0.62,0.5,0.62,0.76,0.89,0.69
85,petite bête,word,animals,0,0.04,0,0,0.1,0.12,0.12,0.18,0.2,0.36,0.41,0.27,0.53,0.46,0.41
86,pinguoin,word,animals,0.03,0,0,0.09,0.02,0.04,0.12,0.31,0.19,0.19,0.44,0.19,0.29,0.46,0.38
87,poisson,word,animals,0.04,0.12,0,0.73,0.5,0.52,0.68,0.55,0.72,0.86,0.81,0.81,0.88,0.97,0.86
88,poney,word,animals,0.01,0,0,0.09,0,0.05,0.12,0.24,0.12,0.29,0.16,0.23,0.15,0.2,0.17
89,poule,word,animals,0.04,0.12,0,0.64,0.4,0.46,0.63,0.52,0.63,0.74,0.62,0.77,0.85,0.91,1
90,renne,word,animals,0,0,0,0.09,0.05,0.02,0.05,0.1,0.09,0.1,0.06,0.04,0.15,0.2,0.14
91,singe,word,animals,0.01,0,0,0.36,0.22,0.27,0.29,0.3,0.42,0.48,0.62,0.62,0.62,0.8,0.76
92,souris,word,animals,0.01,0.04,0,0.36,0.18,0.16,0.32,0.3,0.39,0.43,0.53,0.58,0.68,0.74,0.72
93,tigre,word,animals,0.01,0,0,0.18,0.15,0.12,0.27,0.24,0.23,0.4,0.47,0.42,0.65,0.57,0.52
94,tortue,word,animals,0.04,0,0,0.36,0.22,0.34,0.49,0.51,0.56,0.5,0.69,0.65,0.71,0.83,0.69
95,vache,word,animals,0.09,0.08,0,0.36,0.4,0.54,0.54,0.58,0.66,0.69,0.72,0.77,0.82,0.91,0.9
96,zèbre,word,animals,0.01,0,0,0.18,0.05,0.05,0.2,0.3,0.22,0.31,0.34,0.35,0.35,0.51,0.24
97,balle,word,toys,0.12,0.12,0,0.18,0.42,0.41,0.51,0.56,0.62,0.62,0.59,0.69,0.79,0.66,0.72
98,ballon,word,toys,0.19,0.38,0,0.82,0.6,0.71,0.8,0.73,0.82,0.88,0.81,0.92,0.91,1,1
99,bulles,word,toys,0.01,0.04,0,0,0.12,0.16,0.2,0.3,0.37,0.48,0.28,0.46,0.5,0.66,0.62
100,cadeau,word,toys,0.01,0.04,0,0.27,0.32,0.21,0.46,0.35,0.56,0.74,0.66,0.69,0.59,0.83,0.9
101,colle,word,toys,0.01,0,0,0,0.05,0.09,0.05,0.08,0.21,0.29,0.12,0.27,0.41,0.37,0.31
102,craie,word,toys,0.01,0,0,0,0.05,0.04,0.12,0.14,0.15,0.1,0.19,0.19,0.18,0.2,0.38
103,crayon,word,toys,0.03,0.08,0,0.36,0.38,0.43,0.54,0.42,0.61,0.74,0.66,0.81,0.88,0.91,0.93
104,cube,word,toys,0.01,0,0,0.18,0.12,0.14,0.17,0.13,0.26,0.33,0.31,0.31,0.32,0.51,0.48
105,feutre,word,toys,0.01,0,0,0,0.05,0.09,0.17,0.15,0.22,0.38,0.19,0.27,0.35,0.4,0.62
106,histoire,word,toys,0.03,0.04,0,0.09,0.05,0.11,0.12,0.21,0.31,0.38,0.44,0.46,0.65,0.69,0.62
107,jeu,word,toys,0.03,0,0,0.09,0.2,0.14,0.22,0.2,0.33,0.5,0.47,0.31,0.47,0.69,0.66
108,jouet,word,toys,0.03,0,0,0.18,0.22,0.2,0.24,0.31,0.47,0.67,0.56,0.54,0.65,0.91,0.72
109,livre,word,toys,0.04,0.08,0,0.64,0.38,0.45,0.56,0.49,0.67,0.86,0.78,0.85,0.94,0.97,0.97
110,pâte à modeler,word,toys,0,0,0,0.09,0,0.05,0.1,0.21,0.22,0.29,0.31,0.46,0.32,0.43,0.52
111,poupée,word,toys,0.04,0.19,0,0.45,0.42,0.43,0.54,0.38,0.52,0.67,0.44,0.77,0.76,0.86,0.69
112,puzzle,word,toys,0,0,0,0.18,0.02,0.09,0.17,0.15,0.22,0.24,0.31,0.27,0.32,0.6,0.41
113,raquette,word,toys,0,0,0,0,0.05,0.05,0.07,0.13,0.14,0.17,0.16,0.27,0.29,0.31,0.17
114,stylo,word,toys,0.03,0.08,0,0.18,0.22,0.25,0.15,0.17,0.28,0.33,0.38,0.38,0.56,0.43,0.66
115,basket,word,clothing,0.03,0,0,0.18,0.05,0.11,0.22,0.31,0.25,0.31,0.28,0.42,0.38,0.6,0.55
116,bavoir,word,clothing,0.04,0.04,0,0.18,0.38,0.38,0.22,0.45,0.49,0.6,0.59,0.58,0.65,0.63,0.69
117,body,word,clothing,0.04,0.12,0,0.55,0.2,0.27,0.49,0.44,0.46,0.52,0.44,0.54,0.5,0.6,0.55
118,bottes,word,clothing,0.01,0.04,0,0.27,0.28,0.29,0.34,0.38,0.57,0.67,0.56,0.77,0.79,0.86,0.83
119,boutons,word,clothing,0.03,0.04,0,0.45,0.35,0.41,0.39,0.38,0.51,0.69,0.53,0.73,0.71,0.86,0.72
120,ceinture,word,clothing,0.03,0,0,0,0.05,0.05,0.12,0.25,0.2,0.33,0.12,0.15,0.32,0.46,0.38
121,chapeau,word,clothing,0.15,0.19,0,0.82,0.48,0.57,0.68,0.68,0.75,0.93,0.72,0.85,0.82,0.83,0.97
122,chaussettes,word,clothing,0.24,0.35,0,0.73,0.55,0.66,0.8,0.76,0.75,0.9,0.91,0.96,0.94,0.97,1
123,chausson,word,clothing,0.12,0.12,0,0.64,0.52,0.57,0.66,0.61,0.72,0.81,0.78,0.92,0.94,0.94,0.97
124,chaussure,word,clothing,0.22,0.38,0,0.82,0.62,0.71,0.83,0.63,0.83,0.98,0.91,0.96,0.97,0.97,0.97
125,chemise,word,clothing,0,0,0,0,0.1,0.11,0.2,0.15,0.23,0.45,0.38,0.5,0.5,0.71,0.52
126,collants,word,clothing,0.01,0.04,0,0.36,0.1,0.16,0.2,0.21,0.27,0.38,0.28,0.42,0.32,0.46,0.55
127,collier,word,clothing,0.01,0.04,0,0.45,0.15,0.23,0.22,0.14,0.33,0.4,0.25,0.42,0.41,0.69,0.76
128,combinaison de ski,word,clothing,0.03,0,0,0,0,0,0,0.18,0.06,0.05,0.09,0,0.03,0.06,0.17
129,couche,word,clothing,0.07,0.12,0,0.64,0.5,0.57,0.63,0.61,0.77,0.81,0.78,0.92,0.97,0.89,0.97
130,culotte,word,clothing,0.01,0.08,0,0.09,0.28,0.3,0.44,0.41,0.51,0.67,0.5,0.65,0.82,0.91,1
131,écharpe,word,clothing,0.01,0,0,0,0.18,0.16,0.2,0.27,0.28,0.33,0.28,0.42,0.47,0.66,0.69
132,gants,word,clothing,0.01,0,0,0.36,0.35,0.27,0.37,0.24,0.38,0.62,0.5,0.62,0.74,0.77,0.76
133,grenouillère,word,clothing,0,0,0,0,0,0.04,0,0.03,0.05,0.02,0.03,0.12,0,0.03,0.07
134,jeans,word,clothing,0.01,0,0,0,0.05,0.07,0.07,0.28,0.16,0.29,0.12,0.19,0.24,0.29,0.34
135,manteau,word,clothing,0.03,0,0,0.36,0.32,0.32,0.44,0.39,0.42,0.6,0.59,0.77,0.68,0.77,0.76
136,moufles,word,clothing,0,0,0,0.09,0.05,0.02,0.02,0.15,0.12,0.05,0.12,0.08,0.15,0.14,0.21
137,pantalon,word,clothing,0.03,0.12,0,0.36,0.42,0.46,0.61,0.48,0.64,0.79,0.78,0.88,0.85,0.97,0.97
138,perles,word,clothing,0,0,0,0.09,0,0.05,0.02,0.08,0.13,0.14,0.16,0.04,0.21,0.23,0.31
139,pull,word,clothing,0.04,0,0,0.36,0.28,0.23,0.34,0.42,0.49,0.62,0.62,0.69,0.71,0.86,0.86
140,pyjama,word,clothing,0.04,0.04,0,0.55,0.28,0.41,0.49,0.44,0.57,0.69,0.75,0.88,0.88,0.91,0.97
141,robe,word,clothing,0.01,0.08,0,0.36,0.1,0.11,0.24,0.18,0.38,0.5,0.38,0.46,0.56,0.74,0.72
142,salopette,word,clothing,0,0,0,0.27,0.05,0.07,0.17,0.2,0.18,0.36,0.44,0.19,0.56,0.6,0.66
143,short,word,clothing,0.01,0,0,0,0.02,0.04,0.15,0.15,0.22,0.5,0.28,0.42,0.5,0.71,0.69
144,sweat,word,clothing,0,0,0,0,0,0.04,0.02,0.13,0.05,0.14,0.06,0.04,0.18,0.23,0.24
145,tee-shirt,word,clothing,0.01,0,0,0,0.08,0.05,0.15,0.23,0.23,0.45,0.31,0.42,0.5,0.74,0.52
146,veste,word,clothing,0.01,0,0,0.09,0.15,0.11,0.12,0.21,0.29,0.24,0.34,0.46,0.5,0.66,0.59
147,arbre,word,outside,0.01,0,0,0.27,0.18,0.16,0.27,0.34,0.38,0.57,0.5,0.58,0.71,0.83,0.76
148,arrosoir,word,outside,0,0,0,0.09,0.08,0.09,0.24,0.2,0.28,0.48,0.41,0.38,0.62,0.69,0.66
149,bac à sable,word,outside,0.01,0,0,0,0,0,0.05,0.08,0.15,0.12,0.09,0.15,0.18,0.37,0.31
150,balançoire,word,outside,0.01,0.04,0,0.18,0.08,0.2,0.41,0.23,0.39,0.5,0.41,0.58,0.62,0.77,0.69
151,baton,word,outside,0,0,0,0.36,0.18,0.12,0.34,0.32,0.32,0.45,0.34,0.5,0.56,0.71,0.59
152,bonhomme de neige,word,outside,0.01,0,0,0,0,0.02,0.2,0.2,0.18,0.26,0.41,0.27,0.47,0.6,0.41
153,caillou,word,outside,0.03,0.15,0,0.64,0.25,0.34,0.51,0.42,0.58,0.74,0.72,0.73,0.76,0.91,0.83
154,ciel,word,outside,0.01,0.04,0,0.18,0.15,0.12,0.29,0.23,0.27,0.55,0.44,0.54,0.59,0.77,0.66
155,drapeau,word,outside,0.01,0,0,0,0.02,0,0.1,0.21,0.11,0.14,0.16,0.19,0.12,0.34,0.31
156,eau,word,outside,0.06,0.23,0,0.64,0.52,0.57,0.76,0.61,0.79,0.93,0.78,0.85,0.94,1,1
157,échelle,word,outside,0.01,0,0,0.09,0.05,0.02,0.15,0.17,0.18,0.26,0.25,0.31,0.44,0.57,0.48
158,étoile,word,outside,0.01,0,0,0,0.12,0.14,0.24,0.31,0.42,0.6,0.5,0.5,0.62,0.74,0.66
159,fleur,word,outside,0.04,0.04,0,0.73,0.38,0.52,0.59,0.54,0.69,0.86,0.72,0.81,0.94,0.97,1
160,herbe,word,outside,0.03,0,0,0.18,0.12,0.09,0.24,0.27,0.27,0.43,0.31,0.5,0.74,0.71,0.76
161,jardin,word,outside,0.01,0.04,0,0.09,0.08,0.14,0.27,0.23,0.23,0.48,0.41,0.38,0.71,0.83,0.69
162,lune,word,outside,0.01,0.04,0,0.27,0.2,0.32,0.44,0.41,0.52,0.74,0.62,0.69,0.79,0.89,0.9
163,neige,word,outside,0.01,0,0,0.18,0.25,0.3,0.32,0.25,0.45,0.55,0.66,0.65,0.76,0.83,0.79
164,nuage,word,outside,0.01,0,0,0.09,0.08,0.12,0.32,0.37,0.37,0.57,0.5,0.58,0.68,0.91,0.72
165,pelle,word,outside,0,0,0,0.18,0.2,0.2,0.22,0.2,0.46,0.64,0.5,0.54,0.68,0.8,0.76
166,pierre,word,outside,0.01,0,0,0,0.15,0.02,0.1,0.15,0.17,0.33,0.19,0.35,0.41,0.51,0.62
167,piscine,word,outside,0.01,0.04,0,0.18,0.12,0.21,0.32,0.34,0.46,0.69,0.5,0.58,0.82,0.89,0.83
168,pluie,word,outside,0.01,0.08,0,0.36,0.22,0.34,0.59,0.41,0.56,0.71,0.75,0.81,0.91,0.86,0.9
169,rocher,word,outside,0.01,0,0,0,0,0,0,0.07,0.04,0.05,0.06,0.08,0.09,0.11,0.21
170,rue,word,outside,0.01,0,0,0.09,0.05,0,0.12,0.27,0.27,0.33,0.44,0.38,0.62,0.77,0.62
171,soleil,word,outside,0.01,0.04,0,0.27,0.22,0.21,0.39,0.45,0.5,0.76,0.56,0.69,0.85,0.91,0.79
172,toboggan,word,outside,0.01,0.04,0,0.45,0.18,0.34,0.39,0.38,0.52,0.69,0.53,0.58,0.76,0.91,0.79
173,toit,word,outside,0.03,0,0,0,0,0.02,0.1,0.08,0.08,0.26,0.22,0.23,0.44,0.49,0.41
174,tondeuse à gazon,word,outside,0,0,0,0,0.05,0.07,0.1,0.08,0.09,0.29,0.16,0.08,0.32,0.4,0.21
175,trottoir,word,outside,0.01,0,0,0.09,0,0.07,0.05,0.14,0.14,0.26,0.22,0.31,0.44,0.74,0.48
176,tuyau,word,outside,0,0,0,0,0.05,0,0.1,0.13,0.15,0.24,0.19,0.15,0.29,0.46,0.41
177,vent,word,outside,0.01,0.04,0,0.36,0.2,0.29,0.39,0.3,0.4,0.67,0.53,0.54,0.82,0.91,0.72
178,campagne,word,places,0,0,0,0,0,0.04,0,0.03,0.08,0.17,0.12,0.12,0.12,0.26,0.38
179,camping,word,places,0,0.04,0,0,0,0.02,0,0,0.02,0,0,0,0.03,0.06,0.1
180,centre-ville,word,places,0,0,0,0,0,0.02,0,0,0.03,0,0,0,0.03,0.09,0.17
181,cinéma,word,places,0,0.04,0,0,0.02,0.04,0,0.07,0.03,0.02,0.03,0.04,0.18,0.09,0.24
182,cirque,word,places,0.01,0.04,0,0.09,0,0.09,0.1,0.07,0.06,0.12,0.16,0.19,0.21,0.29,0.31
183,cour,word,places,0,0,0,0,0.02,0.09,0.1,0.17,0.13,0.14,0.06,0.15,0.21,0.31,0.38
184,crèche,word,places,0.04,0,0,0,0.12,0.18,0.17,0.28,0.28,0.43,0.28,0.31,0.35,0.54,0.59
185,dehors,word,places,0.03,0.08,0,0.55,0.38,0.38,0.46,0.42,0.62,0.67,0.72,0.73,0.91,0.89,0.93
186,école,word,places,0.03,0.04,0,0.09,0.18,0.21,0.27,0.28,0.41,0.6,0.47,0.69,0.85,0.77,0.86
187,église,word,places,0.01,0,0,0.18,0,0.02,0.02,0.07,0.08,0.07,0.12,0.19,0.18,0.14,0.21
188,ferme,word,places,0,0,0,0,0.08,0.04,0.12,0.1,0.12,0.19,0.28,0.15,0.26,0.4,0.34
189,fête,word,places,0.01,0,0,0,0.02,0.09,0.07,0.08,0.1,0.26,0.19,0.23,0.38,0.4,0.45
190,forêt,word,places,0.01,0.04,0,0,0,0,0,0.04,0.07,0.12,0.22,0.23,0.29,0.43,0.45
191,garderie,word,places,0,0.04,0,0.18,0,0.05,0.1,0.13,0.15,0.12,0.12,0.15,0.24,0.23,0.24
192,magasin,word,places,0.01,0.08,0,0.18,0.05,0.09,0.22,0.24,0.31,0.43,0.28,0.38,0.53,0.74,0.62
193,maison,word,places,0.07,0.12,0,0.55,0.4,0.39,0.59,0.56,0.62,0.86,0.78,0.85,0.91,0.97,0.86
194,parc,word,places,0.03,0.08,0,0.18,0.02,0.11,0.2,0.25,0.34,0.38,0.28,0.46,0.38,0.69,0.48
195,pique-nique,word,places,0,0,0,0,0,0.05,0.02,0.08,0.11,0.12,0.09,0.15,0.15,0.26,0.34
196,plage,word,places,0.01,0,0,0,0,0.05,0.05,0.08,0.12,0.36,0.19,0.31,0.44,0.6,0.59
197,station-service,word,places,0,0,0,0,0,0.02,0,0.04,0.02,0,0.03,0.04,0.03,0.03,0.1
198,terrain de jeux,word,places,0,0,0,0,0,0.02,0,0.1,0.06,0.02,0.09,0.08,0.06,0.03,0.24
199,travail,word,places,0.03,0,0,0.09,0.1,0.23,0.37,0.3,0.41,0.62,0.44,0.54,0.65,0.8,0.72
200,zoo,word,places,0.01,0,0,0,0.05,0.04,0.02,0.04,0.09,0.12,0,0.08,0.21,0.17,0.31
201,appareil photo,word,household,0.01,0,0,0,0.05,0.02,0.07,0.11,0.1,0.17,0.16,0.23,0.15,0.49,0.34
202,argent,word,household,0.01,0.04,0,0.09,0.02,0.02,0,0.15,0.11,0.1,0.09,0.08,0.15,0.26,0.17
203,aspirateur,word,household,0.04,0,0,0.36,0.18,0.23,0.34,0.38,0.39,0.62,0.41,0.54,0.82,0.8,0.76
204,assiette,word,household,0.03,0,0,0.36,0.3,0.23,0.44,0.34,0.56,0.62,0.56,0.69,0.79,0.89,0.76
205,balai,word,household,0.06,0,0,0.36,0.25,0.3,0.39,0.45,0.49,0.62,0.56,0.62,0.76,0.89,0.83
206,biberon,word,household,0.1,0.31,0,0.64,0.3,0.39,0.71,0.58,0.74,0.76,0.66,0.77,0.94,1,0.9
207,boîte,word,household,0.03,0.04,0,0.27,0.18,0.18,0.27,0.28,0.42,0.48,0.47,0.42,0.68,0.74,0.76
208,bol,word,household,0.01,0.04,0,0.18,0.15,0.16,0.27,0.3,0.39,0.55,0.47,0.62,0.62,0.77,0.76
209,bouteille,word,household,0.01,0,0,0.27,0.15,0.27,0.27,0.3,0.43,0.48,0.44,0.58,0.71,0.86,0.66
210,brosse,word,household,0.03,0,0,0.18,0.2,0.16,0.22,0.25,0.35,0.5,0.41,0.46,0.59,0.69,0.59
211,brosse à dent,word,household,0.03,0.04,0,0.27,0.15,0.27,0.37,0.25,0.47,0.67,0.69,0.62,0.85,0.83,0.72
212,cassette,word,household,0.01,0,0,0.18,0.22,0.23,0.27,0.23,0.33,0.48,0.5,0.54,0.79,0.77,0.79
213,ciseaux,word,household,0.03,0.04,0,0.45,0.15,0.14,0.24,0.32,0.42,0.52,0.41,0.5,0.76,0.74,0.76
214,clefs,word,household,0.04,0.19,0,0.45,0.48,0.5,0.66,0.45,0.64,0.86,0.78,0.73,1,0.94,0.83
215,clou,word,household,0,0,0,0,0.02,0,0.05,0.07,0.1,0.07,0.06,0.12,0.18,0.31,0.24
216,coussins,word,household,0.03,0,0,0,0.1,0.18,0.22,0.3,0.33,0.45,0.34,0.38,0.62,0.74,0.66
217,couteau,word,household,0.03,0,0,0.27,0.3,0.34,0.44,0.37,0.63,0.76,0.62,0.77,0.82,0.89,0.93
218,couverture,word,household,0.01,0,0,0.27,0.05,0.12,0.2,0.28,0.28,0.48,0.41,0.38,0.65,0.77,0.62
219,cuillère,word,household,0.03,0.08,0,0.45,0.4,0.48,0.61,0.51,0.69,0.79,0.72,0.81,0.91,0.91,0.9
220,feuille,word,household,0.01,0,0,0.27,0.05,0.18,0.2,0.3,0.38,0.43,0.34,0.54,0.68,0.77,0.62
221,fourchette,word,household,0.03,0.08,0,0.55,0.38,0.48,0.54,0.41,0.65,0.86,0.72,0.81,0.94,0.94,0.9
222,horloge,word,household,0.01,0,0,0,0,0,0.07,0.08,0.08,0.1,0.06,0,0.09,0.09,0.1
223,lampe,word,household,0.01,0,0,0,0.12,0.09,0.22,0.25,0.27,0.43,0.31,0.42,0.5,0.71,0.62
224,lumière,word,household,0.01,0,0,0.36,0.2,0.27,0.46,0.42,0.55,0.67,0.59,0.65,0.82,0.91,0.83
225,lunettes,word,household,0.01,0.12,0,0.45,0.3,0.39,0.41,0.48,0.62,0.79,0.59,0.65,0.91,0.91,0.86
226,marteau,word,household,0,0,0,0,0.02,0.02,0.12,0.13,0.19,0.24,0.22,0.5,0.47,0.66,0.62
227,médicaments,word,household,0.01,0.04,0,0.09,0.08,0.11,0.24,0.21,0.32,0.52,0.47,0.69,0.68,0.69,0.79
228,montre,word,household,0.01,0,0,0.09,0.18,0.18,0.2,0.21,0.32,0.48,0.38,0.5,0.71,0.63,0.59
229,mouchoir,word,household,0.03,0.04,0,0.09,0.12,0.16,0.22,0.37,0.48,0.52,0.53,0.65,0.71,0.86,0.76
230,musique,word,household,0.04,0.04,0,0.36,0.2,0.29,0.46,0.32,0.56,0.55,0.59,0.69,0.88,0.97,0.79
231,ordures,word,household,0,0,0,0,0,0.04,0,0.06,0.06,0.05,0,0,0,0.03,0.07
232,oreiller,word,household,0.01,0.04,0,0,0.08,0,0.07,0.18,0.21,0.26,0.12,0.15,0.38,0.57,0.52
233,panier,word,household,0.01,0,0,0,0.1,0.07,0.22,0.23,0.22,0.36,0.28,0.31,0.5,0.57,0.55
234,papier,word,household,0.03,0,0,0.45,0.22,0.23,0.29,0.31,0.48,0.6,0.44,0.54,0.79,0.83,0.79
235,peigne,word,household,0.03,0.04,0,0.18,0.1,0.11,0.32,0.18,0.32,0.36,0.34,0.46,0.65,0.74,0.52
236,photo,word,household,0.01,0.04,0,0.18,0.3,0.27,0.37,0.38,0.49,0.67,0.59,0.81,0.88,0.86,0.79
237,plante,word,household,0.01,0,0,0.09,0.08,0.04,0.1,0.08,0.09,0.36,0.16,0.23,0.32,0.37,0.59
238,plat,word,household,0.01,0,0,0,0.02,0,0,0.07,0.1,0.17,0.16,0.12,0.15,0.2,0.34
239,plateau,word,household,0.01,0,0,0,0,0,0,0.15,0.1,0.07,0,0.04,0.03,0.09,0.17
240,porte-monnaie,word,household,0,0,0,0.09,0,0.02,0.05,0.04,0.08,0.12,0.12,0.23,0.18,0.34,0.38
241,pot,word,household,0.09,0.15,0,0.64,0.48,0.62,0.71,0.51,0.66,0.79,0.72,0.77,0.85,0.86,0.93
242,poubelle,word,household,0.04,0.04,0,0.27,0.28,0.39,0.37,0.49,0.59,0.69,0.62,0.65,0.82,0.89,0.86
243,radio,word,household,0.01,0,0,0.09,0.02,0,0.07,0.14,0.16,0.17,0.12,0.15,0.18,0.43,0.59
244,savon,word,household,0.01,0,0,0.27,0.25,0.23,0.34,0.32,0.49,0.55,0.5,0.65,0.82,0.91,0.83
245,seau,word,household,0.01,0,0,0.18,0.12,0.12,0.32,0.17,0.36,0.57,0.47,0.38,0.53,0.74,0.69
246,serpillère,word,household,0.01,0,0,0,0.02,0,0.02,0.04,0.07,0.12,0.09,0.12,0.12,0.29,0.17
247,serviette,word,household,0.01,0.08,0,0.36,0.1,0.12,0.34,0.28,0.39,0.57,0.38,0.65,0.85,0.91,0.72
248,serviette de table,word,household,0,0,0,0,0.02,0.02,0.05,0.08,0.07,0.12,0.19,0.12,0.18,0.23,0.14
249,sirop,word,household,0.01,0,0,0.09,0.08,0.18,0.17,0.18,0.25,0.55,0.47,0.42,0.53,0.74,0.59
250,sous,word,household,0,0.04,0,0.45,0.18,0.07,0.22,0.21,0.28,0.4,0.41,0.46,0.5,0.69,0.52
251,sucette,word,household,0.07,0.23,0,0.55,0.22,0.45,0.39,0.28,0.45,0.81,0.62,0.77,0.85,0.8,0.79
252,tasse,word,household,0.01,0,0,0,0.05,0.09,0.07,0.24,0.23,0.45,0.38,0.38,0.56,0.57,0.55
253,télécommande,word,household,0.06,0.04,0,0.09,0.05,0.05,0.1,0.31,0.24,0.33,0.19,0.35,0.44,0.57,0.38
254,téléphone,word,household,0.04,0.08,0,0.27,0.22,0.36,0.46,0.44,0.52,0.69,0.62,0.65,0.88,0.97,0.86
255,trotteur,word,household,0.01,0,0,0,0,0.02,0,0.06,0.03,0.05,0.03,0.08,0.03,0.06,0.17
256,verre,word,household,0.04,0.12,0,0.45,0.35,0.36,0.49,0.42,0.62,0.81,0.66,0.69,0.91,0.94,0.93
257,aïe bobo,word,body_parts,0.15,0.31,0,0.55,0.62,0.68,0.68,0.61,0.75,0.76,0.75,0.77,0.82,0.74,0.76
258,bouche,word,body_parts,0.03,0.08,0,0.73,0.32,0.52,0.59,0.52,0.68,0.81,0.72,0.85,0.88,0.91,0.86
259,bras,word,body_parts,0.03,0,0,0.45,0.32,0.36,0.44,0.48,0.55,0.71,0.66,0.81,0.76,0.97,0.9
260,cheveux,word,body_parts,0.04,0.08,0,0.64,0.4,0.55,0.54,0.51,0.68,0.86,0.75,0.88,0.94,0.97,0.97
261,cheville,word,body_parts,0.01,0,0,0,0.08,0.04,0.02,0.03,0.06,0.1,0.03,0.04,0.09,0.14,0.21
262,cœur,word,body_parts,0.01,0,0,0,0.05,0.09,0.05,0.21,0.19,0.1,0.19,0.12,0.26,0.29,0.28
263,dent,word,body_parts,0.01,0.15,0,0.55,0.38,0.48,0.56,0.52,0.57,0.79,0.72,0.81,0.88,0.91,0.93
264,doigt,word,body_parts,0.03,0.08,0,0.27,0.28,0.32,0.34,0.44,0.58,0.69,0.69,0.73,0.79,0.89,0.86
265,doigt de pieds,word,body_parts,0.03,0,0,0,0.02,0.05,0.02,0.14,0.15,0.1,0.12,0.12,0.21,0.26,0.17
266,fesses,word,body_parts,0.01,0.12,0,0.27,0.3,0.34,0.44,0.37,0.59,0.71,0.59,0.73,0.85,0.89,0.9
267,figure,word,body_parts,0.01,0.04,0,0.09,0.05,0.14,0.15,0.21,0.28,0.57,0.38,0.42,0.5,0.74,0.62
268,genou,word,body_parts,0.01,0,0,0.27,0.1,0.23,0.17,0.37,0.44,0.64,0.53,0.54,0.68,0.83,0.62
269,jambe,word,body_parts,0.01,0.04,0,0.36,0.2,0.2,0.34,0.31,0.45,0.57,0.53,0.73,0.71,0.89,0.83
270,joue,word,body_parts,0.03,0.04,0,0.36,0.2,0.25,0.44,0.37,0.49,0.67,0.47,0.58,0.74,0.86,0.79
271,langue,word,body_parts,0.01,0.04,0,0.09,0.18,0.32,0.24,0.27,0.38,0.55,0.44,0.65,0.71,0.8,0.76
272,lèvre,word,body_parts,0.01,0,0,0,0.05,0.05,0,0.23,0.28,0.24,0.34,0.19,0.32,0.51,0.52
273,main,word,body_parts,0.1,0.19,0,0.91,0.45,0.7,0.73,0.61,0.77,0.86,0.81,0.96,0.91,0.94,0.97
274,menton,word,body_parts,0.03,0,0,0.18,0.15,0.12,0.17,0.34,0.35,0.52,0.44,0.46,0.44,0.66,0.55
275,nez,word,body_parts,0.07,0.27,0,0.91,0.55,0.71,0.76,0.7,0.82,0.95,0.84,0.92,0.94,1,1
276,nombril,word,body_parts,0.03,0.08,0,0.09,0.08,0.23,0.2,0.31,0.26,0.38,0.28,0.42,0.5,0.63,0.52
277,oreille,word,body_parts,0.03,0.12,0,0.55,0.38,0.5,0.51,0.62,0.66,0.83,0.69,0.77,0.82,0.97,0.97
278,pénis,word,body_parts,0.07,0.15,0,0.27,0.35,0.29,0.44,0.52,0.52,0.67,0.59,0.65,0.68,0.71,0.59
279,pied,word,body_parts,0.07,0.27,0,0.82,0.48,0.7,0.76,0.62,0.77,0.88,0.81,0.92,0.91,1,1
280,pouce,word,body_parts,0.01,0.04,0,0.18,0.08,0.16,0.24,0.39,0.38,0.62,0.5,0.65,0.68,0.8,0.59
281,tête,word,body_parts,0.06,0.19,0,0.73,0.4,0.48,0.66,0.66,0.76,0.88,0.81,0.81,0.94,0.97,0.93
282,vagin,word,body_parts,0.04,0.04,0,0.27,0.02,0.12,0.12,0.13,0.23,0.33,0.12,0.31,0.24,0.29,0.14
283,ventre,word,body_parts,0.01,0.04,0,0.45,0.22,0.34,0.32,0.38,0.52,0.69,0.62,0.65,0.82,0.91,0.86
284,yeux,word,body_parts,0.03,0.15,0,0.82,0.45,0.64,0.63,0.61,0.76,0.81,0.78,0.88,0.94,0.97,0.97
285,baguette,word,food_drink,0.03,0,0,0.09,0.05,0.05,0.02,0.25,0.15,0.12,0.03,0.15,0.09,0.23,0.21
286,banane,word,food_drink,0.13,0.15,0,0.55,0.5,0.5,0.63,0.44,0.69,0.86,0.66,0.81,0.82,0.94,0.97
287,beignet,word,food_drink,0,0,0,0,0,0,0,0.13,0.06,0.02,0,0.04,0,0.03,0.07
288,beurre,word,food_drink,0.03,0.04,0,0.36,0.28,0.25,0.39,0.31,0.54,0.62,0.59,0.58,0.65,0.89,0.83
289,boisson,word,food_drink,0,0.04,0,0.18,0.05,0.04,0.05,0.13,0.09,0.07,0,0.04,0.03,0.09,0.21
290,bonbons,word,food_drink,0.06,0.12,0,0.55,0.35,0.5,0.61,0.34,0.59,0.79,0.81,0.81,0.91,0.94,0.9
291,bretzel,word,food_drink,0.01,0.04,0,0,0,0,0,0.04,0.05,0,0,0,0,0,0
292,café,word,food_drink,0.01,0,0,0.27,0.15,0.27,0.32,0.32,0.49,0.64,0.53,0.46,0.71,0.8,0.66
293,carottes,word,food_drink,0.01,0,0,0.18,0.28,0.38,0.37,0.38,0.45,0.62,0.56,0.65,0.74,0.86,0.86
294,céréales,word,food_drink,0.03,0,0,0.09,0,0.14,0.15,0.35,0.28,0.4,0.25,0.35,0.32,0.51,0.41
295,chewing-gum,word,food_drink,0,0,0,0,0.02,0.04,0.05,0.03,0.1,0.02,0.06,0.19,0.32,0.31,0.28
296,chips,word,food_drink,0.03,0,0,0.09,0.08,0.11,0.27,0.27,0.35,0.38,0.22,0.23,0.38,0.54,0.55
297,chocolat,word,food_drink,0.04,0.12,0,0.45,0.38,0.48,0.71,0.54,0.72,0.88,0.72,0.77,0.91,0.97,1
298,clémentine,word,food_drink,0,0,0,0.18,0.08,0.12,0.12,0.11,0.15,0.26,0.16,0.19,0.29,0.43,0.28
299,coca,word,food_drink,0.04,0,0,0.18,0.18,0.16,0.32,0.3,0.29,0.29,0.41,0.31,0.5,0.4,0.41
300,compote,word,food_drink,0.01,0.04,0,0.09,0.22,0.3,0.27,0.39,0.57,0.57,0.53,0.65,0.74,0.86,0.76
301,confiture,word,food_drink,0,0.04,0,0.18,0.15,0.12,0.2,0.18,0.27,0.45,0.44,0.58,0.41,0.69,0.55
302,cornflakes,word,food_drink,0,0,0,0,0.05,0.02,0.02,0.08,0.05,0.02,0,0.08,0.21,0.11,0.17
303,courge,word,food_drink,0,0,0,0,0,0,0,0.04,0.07,0.1,0.03,0.08,0.15,0.17,0.21
304,crêpe,word,food_drink,0,0,0,0,0,0.12,0.17,0.1,0.21,0.29,0.22,0.35,0.41,0.43,0.69
305,eau,word,food_drink,0.18,0.35,0,0.55,0.48,0.66,0.73,0.68,0.8,0.93,0.88,0.85,0.97,1,1
306,esquimau,word,food_drink,0,0,0,0.18,0.02,0,0.02,0.03,0.03,0,0.03,0,0.03,0.06,0.1
307,flan,word,food_drink,0,0,0,0,0.05,0.09,0.05,0.14,0.19,0.14,0.12,0.23,0.26,0.4,0.48
308,fraise,word,food_drink,0.03,0.08,0,0.27,0.22,0.27,0.22,0.25,0.4,0.5,0.47,0.54,0.65,0.91,0.9
309,frites,word,food_drink,0.01,0.04,0,0,0.22,0.23,0.29,0.34,0.43,0.48,0.53,0.5,0.79,0.74,0.72
310,fromage,word,food_drink,0.01,0.04,0,0.36,0.35,0.41,0.59,0.39,0.55,0.81,0.62,0.69,0.82,1,0.79
311,gâteau,word,food_drink,0.28,0.35,0,0.73,0.57,0.73,0.78,0.65,0.81,0.93,0.84,0.88,0.97,0.97,0.97
312,gâteaux apéro,word,food_drink,0.01,0,0,0.09,0,0.07,0.12,0.18,0.11,0.17,0.09,0.15,0.18,0.23,0.31
313,glace,word,food_drink,0,0.04,0,0.09,0.18,0.18,0.37,0.27,0.42,0.57,0.31,0.65,0.71,0.77,0.72
314,glaçon,word,food_drink,0,0,0,0,0,0,0.1,0.06,0.14,0.24,0.22,0.46,0.32,0.4,0.48
315,hamburger,word,food_drink,0,0,0,0,0,0.02,0,0,0.04,0,0.03,0.04,0.03,0,0.1
316,haricot,word,food_drink,0.01,0.04,0,0.09,0.15,0.16,0.34,0.2,0.29,0.55,0.38,0.5,0.62,0.71,0.69
317,haricots verts,word,food_drink,0,0,0,0,0,0.11,0.1,0.1,0.19,0.4,0.22,0.46,0.5,0.6,0.59
318,jus de fruit,word,food_drink,0.01,0,0,0,0.05,0.12,0.15,0.18,0.28,0.43,0.34,0.54,0.5,0.63,0.62
319,kiwi,word,food_drink,0,0.04,0,0.09,0.08,0,0.07,0.21,0.15,0.31,0.12,0.15,0.41,0.51,0.34
320,lait,word,food_drink,0.06,0.19,0,0.18,0.35,0.5,0.61,0.59,0.68,0.86,0.75,0.73,0.85,0.97,1
321,limonade,word,food_drink,0,0,0,0.09,0,0.02,0.05,0.03,0.02,0.02,0.06,0.12,0.06,0.11,0.1
322,madeleine,word,food_drink,0,0,0,0,0,0.04,0.12,0.13,0.09,0.26,0.06,0.23,0.15,0.37,0.31
323,maïs,word,food_drink,0,0,0,0,0.02,0.04,0.12,0.08,0.15,0.12,0.12,0.23,0.21,0.29,0.31
324,mayonnaise,word,food_drink,0.01,0,0,0.09,0.02,0.02,0.07,0.07,0.09,0.07,0.09,0.15,0.24,0.31,0.48
325,melon,word,food_drink,0.01,0,0,0.09,0.08,0.14,0.15,0.18,0.23,0.36,0.16,0.31,0.47,0.43,0.48
326,noisettes,word,food_drink,0,0,0,0,0,0.02,0,0.06,0.07,0.07,0.12,0.08,0.15,0.29,0.24
327,nourriture,word,food_drink,0,0,0,0.09,0,0.04,0,0.04,0.05,0.02,0,0.04,0.03,0.03,0.14
328,nutella,word,food_drink,0,0,0,0,0.02,0.07,0.05,0.06,0.08,0.19,0.06,0.08,0.12,0.2,0.38
329,œuf,word,food_drink,0.01,0.04,0,0.27,0.22,0.2,0.32,0.35,0.41,0.5,0.47,0.62,0.71,0.8,0.83
330,orange,word,food_drink,0,0,0,0.27,0.12,0.18,0.29,0.28,0.4,0.48,0.44,0.46,0.59,0.83,0.66
331,pain,word,food_drink,0.33,0.38,0,0.64,0.75,0.75,0.9,0.87,0.88,0.95,0.97,0.96,1,0.97,0.93
332,pâtes,word,food_drink,0.06,0.12,0,0.36,0.32,0.41,0.51,0.55,0.69,0.67,0.72,0.73,0.82,0.94,0.83
333,petits gâteaux,word,food_drink,0.06,0.08,0,0.18,0.25,0.3,0.29,0.27,0.35,0.5,0.38,0.5,0.56,0.46,0.72
334,petits pois,word,food_drink,0.01,0.04,0,0,0.08,0.09,0.15,0.23,0.26,0.36,0.31,0.27,0.62,0.71,0.62
335,petits pots,word,food_drink,0.09,0.04,0,0,0.18,0.09,0.07,0.24,0.21,0.33,0.25,0.15,0.44,0.4,0.24
336,pizza,word,food_drink,0.01,0,0,0.09,0.1,0.12,0.24,0.21,0.28,0.36,0.28,0.31,0.53,0.63,0.59
337,poisson,word,food_drink,0.01,0.08,0,0.45,0.35,0.43,0.63,0.42,0.65,0.81,0.69,0.77,0.82,0.89,0.9
338,pomme,word,food_drink,0.12,0.15,0,0.64,0.52,0.54,0.59,0.68,0.74,0.79,0.72,0.81,0.91,0.86,0.86
339,pomme de terre,word,food_drink,0.01,0,0,0.09,0.15,0.16,0.15,0.28,0.39,0.31,0.5,0.42,0.62,0.71,0.76
340,pop-corn,word,food_drink,0,0,0,0,0,0,0,0.01,0.02,0,0,0.04,0.06,0.11,0.1
341,poulet,word,food_drink,0.01,0,0,0.18,0.08,0.23,0.29,0.28,0.39,0.52,0.44,0.46,0.74,0.74,0.79
342,purée,word,food_drink,0.01,0,0,0.09,0.15,0.16,0.2,0.28,0.37,0.55,0.38,0.58,0.71,0.8,0.76
343,raisin,word,food_drink,0,0.08,0,0.18,0.08,0.12,0.2,0.18,0.25,0.38,0.31,0.42,0.41,0.63,0.45
344,raisins secs,word,food_drink,0,0,0,0,0.02,0,0,0,0.05,0.12,0.12,0.08,0.12,0.23,0.28
345,sandwich,word,food_drink,0.01,0,0,0,0,0,0,0.04,0.05,0.12,0.06,0.12,0.12,0.23,0.17
346,sauce,word,food_drink,0,0,0,0,0,0.05,0.1,0.15,0.18,0.21,0.16,0.38,0.21,0.4,0.59
347,sel,word,food_drink,0.01,0,0,0.09,0.15,0.14,0.24,0.21,0.38,0.62,0.5,0.73,0.71,0.77,0.83
348,soupe,word,food_drink,0.03,0.08,0,0.36,0.2,0.29,0.37,0.31,0.48,0.79,0.59,0.54,0.76,0.91,0.83
349,spaghetti,word,food_drink,0.01,0,0,0.09,0,0.02,0.02,0.07,0.07,0.14,0.03,0.12,0.18,0.17,0.41
350,sucette,word,food_drink,0.03,0.19,0,0.36,0.28,0.34,0.29,0.23,0.34,0.57,0.47,0.65,0.79,0.83,0.69
351,sucre,word,food_drink,0.01,0,0,0.45,0.18,0.29,0.29,0.32,0.48,0.71,0.59,0.62,0.79,0.91,0.97
352,tartine,word,food_drink,0.03,0,0,0.18,0.18,0.14,0.27,0.23,0.37,0.52,0.41,0.46,0.44,0.63,0.62
353,thon,word,food_drink,0,0,0,0,0.05,0.02,0.02,0.08,0.08,0.14,0.06,0.23,0.15,0.26,0.38
354,vanille,word,food_drink,0.01,0,0,0,0.02,0.09,0,0.13,0.14,0.31,0.16,0.27,0.32,0.54,0.48
355,viande,word,food_drink,0.01,0.04,0,0.27,0.18,0.21,0.29,0.27,0.44,0.6,0.5,0.62,0.74,0.94,0.9
356,vitamines,word,food_drink,0,0.04,0,0.09,0.02,0.02,0,0.06,0.08,0.21,0.06,0,0.18,0.11,0.21
357,yaourt,word,food_drink,0.03,0.08,0,0.36,0.25,0.45,0.49,0.59,0.7,0.81,0.72,0.77,0.85,0.97,0.86
358,baignoire,word,furniture_rooms,0.03,0.08,0,0,0.15,0.11,0.27,0.2,0.37,0.57,0.41,0.54,0.65,0.8,0.76
359,banc,word,furniture_rooms,0,0,0,0,0.02,0.07,0.1,0.1,0.12,0.19,0.28,0.12,0.38,0.49,0.38
360,berceau,word,furniture_rooms,0,0,0,0,0,0,0,0.03,0.03,0.1,0.09,0,0.15,0.11,0.21
361,canapé,word,furniture_rooms,0.03,0.04,0,0.09,0.12,0.18,0.27,0.28,0.38,0.5,0.31,0.46,0.68,0.8,0.62
362,cave,word,furniture_rooms,0,0,0,0,0.02,0.05,0.05,0.06,0.06,0.05,0.16,0.19,0.21,0.34,0.31
363,chaise,word,furniture_rooms,0.03,0.12,0,0.36,0.4,0.52,0.66,0.45,0.62,0.83,0.66,0.81,0.85,0.89,0.93
364,chaise haute,word,furniture_rooms,0.01,0,0,0.09,0.02,0.07,0.15,0.1,0.13,0.33,0.16,0.27,0.29,0.34,0.41
365,chambre,word,furniture_rooms,0.04,0.08,0,0.09,0.15,0.16,0.37,0.28,0.48,0.69,0.62,0.69,0.76,0.86,0.79
366,cuisine,word,furniture_rooms,0.01,0.04,0,0.27,0.2,0.2,0.37,0.31,0.46,0.64,0.56,0.58,0.71,0.91,0.83
367,cuisinière,word,furniture_rooms,0,0,0,0,0,0.04,0,0.03,0.05,0.12,0.06,0.08,0.15,0.17,0.21
368,douche,word,furniture_rooms,0.01,0,0,0.27,0.15,0.27,0.49,0.32,0.45,0.67,0.47,0.62,0.71,0.83,0.76
369,entrée,word,furniture_rooms,0,0,0,0,0.02,0.02,0.05,0.06,0.06,0.07,0.06,0.12,0.09,0.23,0.31
370,escalier,word,furniture_rooms,0.04,0.04,0,0.09,0.12,0.12,0.37,0.3,0.38,0.67,0.5,0.54,0.68,0.86,0.76
371,étendage,word,furniture_rooms,0,0,0,0.09,0,0.02,0,0.03,0.04,0.02,0.03,0.04,0.06,0.06,0.1
372,évier,word,furniture_rooms,0,0.04,0,0,0.02,0.04,0,0.03,0.12,0.14,0.12,0.19,0.24,0.34,0.41
373,fauteuil,word,furniture_rooms,0.01,0,0,0.09,0.08,0.07,0.2,0.17,0.27,0.43,0.34,0.35,0.62,0.6,0.62
374,fenêtre,word,furniture_rooms,0.01,0.04,0,0.18,0.05,0.18,0.2,0.23,0.32,0.5,0.38,0.38,0.71,0.8,0.59
375,four,word,furniture_rooms,0.01,0,0,0.18,0.12,0.09,0.12,0.2,0.29,0.45,0.25,0.35,0.56,0.74,0.66
376,frigo,word,furniture_rooms,0.03,0.04,0,0.18,0.12,0.11,0.24,0.21,0.29,0.48,0.34,0.54,0.65,0.74,0.62
377,garage,word,furniture_rooms,0.01,0,0,0,0.1,0.11,0.17,0.13,0.18,0.45,0.34,0.54,0.65,0.71,0.76
378,lavabo,word,furniture_rooms,0.01,0,0,0.09,0.08,0,0.07,0.08,0.15,0.38,0.25,0.38,0.38,0.66,0.55
379,lit,word,furniture_rooms,0.09,0.12,0,0.36,0.32,0.46,0.63,0.52,0.77,0.93,0.81,0.88,0.91,0.91,0.97
380,machine à laver,word,furniture_rooms,0,0,0,0.09,0.08,0.05,0.1,0.17,0.17,0.31,0.22,0.38,0.47,0.6,0.62
381,parc,word,furniture_rooms,0.01,0.08,0,0.09,0.08,0.04,0.05,0.18,0.17,0.31,0.09,0.38,0.21,0.49,0.24
382,pièce,word,furniture_rooms,0.01,0,0,0,0.02,0.02,0.02,0.04,0.05,0,0.03,0.04,0.12,0.2,0.24
383,porte,word,furniture_rooms,0.07,0.12,0,0.36,0.4,0.43,0.56,0.62,0.66,0.83,0.72,0.77,0.88,0.97,0.9
384,pot,word,furniture_rooms,0.09,0.12,0,0.55,0.55,0.59,0.68,0.68,0.74,0.81,0.69,0.88,0.94,0.89,0.97
385,salle de bain,word,furniture_rooms,0.03,0.04,0,0.09,0.1,0.18,0.22,0.23,0.38,0.48,0.38,0.46,0.62,0.89,0.76
386,salon,word,furniture_rooms,0.01,0.04,0,0.09,0,0.11,0.02,0.17,0.19,0.4,0.19,0.35,0.38,0.66,0.38
387,table,word,furniture_rooms,0.03,0.04,0,0.27,0.25,0.32,0.54,0.35,0.53,0.64,0.62,0.73,0.82,0.91,0.86
388,télé,word,furniture_rooms,0.06,0.12,0,0.27,0.45,0.39,0.63,0.32,0.59,0.74,0.75,0.69,0.88,0.94,0.97
389,tiroir,word,furniture_rooms,0.01,0.04,0,0.18,0.05,0.05,0.15,0.11,0.21,0.31,0.31,0.38,0.56,0.71,0.48
390,wc,word,furniture_rooms,0.03,0,0,0.09,0.08,0.07,0.15,0.23,0.26,0.4,0.31,0.42,0.47,0.69,0.55
391,bébé,word,people,0.36,0.58,0,0.91,0.72,0.86,0.83,0.92,0.95,0.95,1,0.92,0.97,0.97,1
392,clown,word,people,0.01,0,0,0.27,0.2,0.16,0.39,0.27,0.33,0.6,0.38,0.5,0.74,0.8,0.69
393,copain,word,people,0.01,0,0,0.18,0.22,0.07,0.2,0.25,0.27,0.4,0.38,0.38,0.62,0.66,0.66
394,dame,word,people,0.01,0.08,0,0.18,0.25,0.3,0.39,0.41,0.45,0.62,0.47,0.73,0.71,0.8,0.72
395,docteur,word,people,0.01,0,0,0.27,0.2,0.21,0.39,0.23,0.36,0.57,0.44,0.62,0.71,0.8,0.86
396,enfant,word,people,0.01,0.04,0,0.09,0.12,0.14,0.29,0.18,0.23,0.38,0.41,0.46,0.56,0.69,0.55
397,facteur,word,people,0,0,0,0,0.02,0,0.02,0.03,0.08,0.19,0.19,0.15,0.26,0.23,0.34
398,fille,word,people,0.01,0.08,0,0.36,0.18,0.32,0.29,0.31,0.4,0.64,0.56,0.65,0.71,0.74,0.9
399,frère,word,people,0.04,0,0,0.09,0.02,0.16,0.1,0.15,0.15,0.19,0.25,0.23,0.47,0.49,0.52
400,garçon,word,people,0.01,0.04,0,0.36,0.2,0.36,0.32,0.31,0.43,0.64,0.53,0.65,0.74,0.83,0.86
401,gens,word,people,0,0,0,0.09,0,0.02,0.17,0.1,0.12,0.12,0.19,0.31,0.18,0.31,0.34
402,grand-mère,word,people,0.1,0.27,0,0.36,0.32,0.32,0.41,0.38,0.36,0.26,0.47,0.31,0.5,0.49,0.41
403,grand-père,word,people,0.09,0.19,0,0.27,0.28,0.3,0.37,0.35,0.35,0.26,0.41,0.35,0.44,0.46,0.41
404,infirmière,word,people,0,0,0,0,0,0,0.02,0.01,0.01,0,0,0,0.03,0.09,0.21
405,maître,word,people,0,0,0,0,0,0,0.02,0,0.05,0.02,0.03,0.12,0.18,0.34,0.38
406,maman,word,people,0.76,0.88,0,0.91,0.98,0.95,0.95,0.92,0.96,0.98,0.97,0.96,1,1,0.93
407,monsieur,word,people,0.01,0.08,0,0.27,0.25,0.43,0.51,0.42,0.52,0.64,0.59,0.65,0.76,0.91,0.86
408,nom de l'animal,word,people,0.1,0.31,0,0.36,0.32,0.43,0.49,0.34,0.4,0.43,0.5,0.54,0.65,0.49,0.72
409,nom de l'enfant,word,people,0.1,0.23,0,1,0.48,0.54,0.59,0.63,0.7,0.79,0.75,0.73,0.85,0.8,0.9
410,nom de la nounou,word,people,0.06,0.15,0,0.27,0.22,0.25,0.27,0.35,0.39,0.4,0.44,0.27,0.44,0.49,0.59
411,nounou,word,people,0.07,0.15,0,0.18,0.22,0.21,0.2,0.15,0.3,0.24,0.25,0.19,0.35,0.4,0.38
412,oncle,word,people,0.03,0.12,0,0.27,0.15,0.12,0.17,0.17,0.18,0.17,0.22,0.04,0.21,0.17,0.21
413,papa,word,people,0.79,0.88,0,1,0.95,0.95,0.95,0.96,0.95,0.98,0.97,0.96,1,1,1
414,personne,word,people,0.01,0,0,0.09,0,0.05,0.12,0.07,0.17,0.19,0.16,0.19,0.26,0.37,0.34
415,police,word,people,0.01,0,0,0,0,0.04,0.1,0.1,0.1,0.19,0.19,0.15,0.35,0.26,0.48
416,pompier,word,people,0.03,0,0,0.27,0.05,0.12,0.24,0.3,0.25,0.33,0.28,0.35,0.53,0.6,0.66
417,sœur,word,people,0.03,0,0,0,0.05,0.11,0.15,0.17,0.18,0.17,0.28,0.15,0.44,0.57,0.52
418,tante,word,people,0.04,0.15,0,0.27,0.25,0.14,0.32,0.15,0.19,0.26,0.22,0.04,0.21,0.14,0.34
419,attention,word,descriptive_words,0.04,0.08,0,0.36,0.2,0.25,0.46,0.39,0.53,0.5,0.53,0.5,0.71,0.86,0.69
420,avoir faim,word,descriptive_words,0.04,0.04,0,0.18,0.12,0.11,0.24,0.31,0.32,0.52,0.41,0.42,0.65,0.77,0.69
421,avoir peur,word,descriptive_words,0.03,0.08,0,0.18,0.18,0.39,0.34,0.38,0.52,0.67,0.59,0.62,0.74,0.89,0.79
422,avoir soif,word,descriptive_words,0.03,0.08,0,0.27,0.2,0.21,0.32,0.37,0.45,0.6,0.75,0.58,0.68,0.89,0.72
423,avoir sommeil,word,descriptive_words,0.03,0.04,0,0.18,0.05,0,0.17,0.14,0.13,0.26,0.25,0.42,0.35,0.66,0.45
424,beau,word,descriptive_words,0.03,0.04,0,0.09,0.42,0.34,0.37,0.45,0.52,0.67,0.59,0.65,0.74,0.74,0.79
425,bien,word,descriptive_words,0.01,0,0,0.27,0.08,0.11,0.22,0.18,0.31,0.38,0.34,0.46,0.62,0.77,0.59
426,blanc,word,descriptive_words,0.01,0,0,0,0.05,0.02,0.07,0.15,0.14,0.24,0.31,0.35,0.5,0.49,0.69
427,blessé,word,descriptive_words,0,0,0,0.18,0.02,0.04,0.02,0.03,0.05,0.05,0,0.04,0,0.03,0.1
428,bleu,word,descriptive_words,0.03,0,0,0,0.1,0.12,0.32,0.28,0.36,0.5,0.5,0.54,0.76,0.63,0.83
429,bon,word,descriptive_words,0.06,0.12,0,0.27,0.32,0.32,0.49,0.45,0.48,0.6,0.62,0.73,0.71,0.86,0.9
430,bruyant,word,descriptive_words,0,0,0,0.09,0,0,0.05,0.06,0.03,0.05,0.03,0.04,0.03,0.09,0.07
431,cassé,word,descriptive_words,0.07,0.15,0,0.73,0.42,0.54,0.54,0.69,0.71,0.86,0.78,0.85,0.76,0.94,0.97
432,chaud,word,descriptive_words,0.12,0.23,0,0.64,0.57,0.68,0.68,0.73,0.77,0.95,0.84,0.81,0.91,0.94,1
433,coincé,word,descriptive_words,0,0,0,0.09,0.08,0.07,0.1,0.18,0.15,0.26,0.16,0.23,0.35,0.54,0.38
434,collant,word,descriptive_words,0.01,0,0,0.09,0.02,0.04,0.07,0.1,0.13,0.21,0.16,0.27,0.26,0.31,0.38
435,content,word,descriptive_words,0.01,0,0,0.18,0.02,0.09,0.17,0.18,0.24,0.31,0.34,0.38,0.41,0.71,0.66
436,coquin,word,descriptive_words,0,0.04,0,0.18,0.3,0.23,0.29,0.31,0.35,0.5,0.38,0.54,0.71,0.77,0.72
437,dégoutant,word,descriptive_words,0,0,0,0.09,0,0.05,0.05,0.1,0.09,0.02,0.06,0.19,0.18,0.23,0.28
438,dernier,word,descriptive_words,0,0,0,0,0.05,0,0.02,0.04,0.09,0.05,0.16,0.23,0.21,0.23,0.31
439,doux,word,descriptive_words,0.04,0,0,0.27,0.12,0.23,0.37,0.39,0.4,0.4,0.34,0.46,0.59,0.77,0.79
440,dur,word,descriptive_words,0.03,0,0,0.27,0.18,0.18,0.2,0.28,0.42,0.55,0.47,0.5,0.65,0.83,0.69
441,endormi,word,descriptive_words,0.01,0,0,0,0.02,0,0,0.07,0.08,0.14,0.16,0.15,0.15,0.26,0.31
442,être réveillé,word,descriptive_words,0.01,0,0,0,0,0.02,0.07,0.14,0.15,0.14,0.19,0.31,0.41,0.57,0.48
443,fatigué,word,descriptive_words,0.01,0.04,0,0.18,0.08,0.12,0.17,0.2,0.26,0.38,0.25,0.46,0.65,0.86,0.76
444,fort,word,descriptive_words,0.01,0,0,0,0,0.04,0,0.1,0.12,0.24,0.31,0.31,0.26,0.46,0.48
445,fou,word,descriptive_words,0.01,0,0,0,0.02,0.05,0.07,0.08,0.11,0.1,0.19,0.31,0.32,0.2,0.28
446,froid,word,descriptive_words,0.03,0.15,0,0.36,0.42,0.36,0.49,0.54,0.7,0.81,0.78,0.88,0.85,0.91,0.86
447,gentil,word,descriptive_words,0.01,0,0,0.09,0.08,0.12,0.34,0.21,0.34,0.6,0.47,0.54,0.65,0.71,0.76
448,grand,word,descriptive_words,0.01,0,0,0.09,0.15,0.16,0.2,0.28,0.32,0.62,0.59,0.65,0.71,0.91,0.69
449,haut,word,descriptive_words,0.01,0.04,0,0.09,0.05,0.11,0.17,0.13,0.21,0.31,0.25,0.35,0.44,0.6,0.45
450,jaune,word,descriptive_words,0.01,0,0,0.09,0.05,0.14,0.22,0.27,0.3,0.4,0.47,0.42,0.68,0.54,0.79
451,joli,word,descriptive_words,0.01,0.04,0,0.27,0.18,0.14,0.34,0.14,0.4,0.45,0.44,0.54,0.71,0.77,0.66
452,lent,word,descriptive_words,0,0,0,0,0,0.02,0,0.01,0.02,0,0.03,0.12,0.03,0.06,0.17
453,long,word,descriptive_words,0.01,0,0,0,0,0,0,0.06,0.05,0.05,0.09,0.19,0.12,0.29,0.28
454,lourd,word,descriptive_words,0.01,0.04,0,0.27,0.12,0.27,0.32,0.35,0.46,0.71,0.53,0.69,0.68,0.83,0.83
455,malade,word,descriptive_words,0.01,0,0,0,0.02,0.09,0.12,0.18,0.27,0.52,0.34,0.38,0.53,0.74,0.83
456,marron,word,descriptive_words,0.01,0,0,0,0.05,0,0.02,0.1,0.08,0.14,0.19,0.27,0.32,0.34,0.48
457,méchant,word,descriptive_words,0.01,0.04,0,0.09,0.05,0.16,0.2,0.2,0.31,0.4,0.44,0.46,0.59,0.83,0.72
458,mieux,word,descriptive_words,0.01,0,0,0,0.05,0.05,0,0.07,0.11,0.1,0.12,0.08,0.29,0.29,0.38
459,mignon,word,descriptive_words,0.01,0,0,0.09,0.05,0.05,0.1,0.07,0.04,0.17,0.19,0.15,0.24,0.37,0.31
460,minuscule,word,descriptive_words,0.01,0,0,0,0,0,0.02,0.03,0.02,0.02,0,0,0,0.03,0.03
461,mouillé,word,descriptive_words,0.04,0.04,0,0.09,0.18,0.25,0.32,0.42,0.49,0.64,0.47,0.54,0.79,0.91,0.86
462,neuf,word,descriptive_words,0,0,0,0,0,0.02,0.02,0.04,0.04,0.07,0.12,0.15,0.21,0.26,0.34
463,noir,word,descriptive_words,0.01,0,0,0,0.1,0.09,0.1,0.18,0.17,0.24,0.34,0.38,0.44,0.6,0.69
464,orange,word,descriptive_words,0.01,0,0,0.09,0.12,0.09,0.22,0.21,0.21,0.19,0.34,0.38,0.47,0.6,0.59
465,parti,word,descriptive_words,0.06,0.15,0,0.55,0.5,0.48,0.56,0.61,0.68,0.83,0.75,0.73,0.79,0.83,0.86
466,pas bon,word,descriptive_words,0.04,0.12,0,0.27,0.4,0.39,0.59,0.54,0.62,0.79,0.69,0.77,0.82,0.97,0.9
467,petit,word,descriptive_words,0.03,0,0,0.09,0.18,0.23,0.39,0.31,0.41,0.64,0.53,0.69,0.74,0.89,0.72
468,plein,word,descriptive_words,0.01,0,0,0,0.05,0.05,0.15,0.11,0.17,0.19,0.22,0.35,0.21,0.51,0.45
469,premier,word,descriptive_words,0,0.04,0,0,0,0.02,0.05,0.04,0.04,0.05,0.03,0.15,0.18,0.29,0.34
470,propre,word,descriptive_words,0.01,0,0,0.09,0.15,0.09,0.22,0.21,0.25,0.5,0.34,0.46,0.62,0.86,0.55
471,rouge,word,descriptive_words,0.01,0,0,0.09,0.15,0.12,0.27,0.35,0.38,0.43,0.62,0.62,0.65,0.71,0.86
472,sale,word,descriptive_words,0.01,0.12,0,0.45,0.32,0.36,0.44,0.44,0.62,0.79,0.66,0.73,0.85,0.94,0.97
473,sec,word,descriptive_words,0.01,0,0,0,0.08,0,0.12,0.17,0.12,0.31,0.25,0.27,0.44,0.69,0.59
474,sombre,word,descriptive_words,0.01,0,0,0,0,0.02,0,0.01,0.02,0.02,0,0.04,0,0.09,0.14
475,tendre,word,descriptive_words,0.01,0,0,0.18,0,0.02,0.02,0,0.02,0,0.03,0,0.06,0.03,0.21
476,tranquille,word,descriptive_words,0,0,0,0,0,0,0,0.01,0.07,0.1,0.12,0.15,0.12,0.23,0.34
477,triste,word,descriptive_words,0,0,0,0,0,0.04,0.05,0.1,0.15,0.17,0.22,0.38,0.32,0.49,0.52
478,venteux,word,descriptive_words,0,0,0,0,0,0,0,0.01,0.02,0,0,0,0.03,0,0.03
479,vert,word,descriptive_words,0.01,0,0,0,0.1,0.05,0.22,0.25,0.28,0.33,0.41,0.46,0.56,0.57,0.79
480,vide,word,descriptive_words,0.01,0,0,0.09,0.08,0.04,0.1,0.1,0.14,0.14,0.19,0.19,0.32,0.49,0.34
481,vieux,word,descriptive_words,0,0,0,0,0,0.04,0.02,0.03,0.05,0.02,0.12,0.12,0.18,0.31,0.31
482,vilain,word,descriptive_words,0,0.04,0,0,0.05,0.14,0.12,0.08,0.2,0.36,0.31,0.46,0.65,0.63,0.62
483,vite,word,descriptive_words,0.01,0,0,0.09,0.12,0.16,0.27,0.21,0.35,0.52,0.38,0.58,0.56,0.8,0.72
484,acheter,word,action_words,0,0.04,0,0.09,0.02,0,0.07,0.07,0.13,0.31,0.16,0.42,0.44,0.6,0.55
485,aider,word,action_words,0.03,0.04,0,0.09,0.05,0.05,0.07,0.21,0.26,0.33,0.28,0.42,0.5,0.74,0.59
486,aimer,word,action_words,0.01,0,0,0.18,0.05,0.14,0.07,0.23,0.3,0.43,0.34,0.62,0.62,0.71,0.62
487,aimer bien,word,action_words,0.03,0,0,0,0.02,0,0.02,0.06,0.1,0.1,0.19,0.23,0.29,0.46,0.48
488,aller,word,action_words,0.04,0.08,0,0.18,0.2,0.25,0.37,0.27,0.38,0.62,0.47,0.62,0.65,0.77,0.76
489,aller bien avec,word,action_words,0,0,0,0.09,0.02,0,0,0.01,0.02,0.02,0,0,0.03,0.03,0.14
490,apporter,word,action_words,0,0.04,0,0.09,0.05,0.14,0.15,0.15,0.22,0.33,0.34,0.46,0.5,0.66,0.55
491,arracher,word,action_words,0,0,0,0,0,0,0.02,0.03,0.05,0.07,0.06,0.12,0.12,0.26,0.34
492,arrêter,word,action_words,0.01,0.08,0,0.18,0.02,0.12,0.29,0.28,0.37,0.55,0.5,0.62,0.59,0.83,0.69
493,attendre,word,action_words,0.04,0.04,0,0.09,0.12,0.09,0.22,0.25,0.29,0.4,0.34,0.31,0.44,0.69,0.59
494,attraper,word,action_words,0.01,0.04,0,0,0.05,0.09,0.2,0.15,0.22,0.33,0.22,0.35,0.44,0.69,0.62
495,avoir,word,action_words,0.01,0,0,0.09,0.05,0.07,0.1,0.13,0.15,0.26,0.22,0.42,0.5,0.71,0.52
496,balancer,word,action_words,0,0,0,0.09,0,0.04,0.07,0.04,0.08,0.14,0.12,0.27,0.26,0.51,0.45
497,balayer,word,action_words,0.03,0,0,0,0.02,0.04,0.15,0.07,0.21,0.38,0.41,0.42,0.47,0.69,0.66
498,boire,word,action_words,0.19,0.23,0,0.55,0.5,0.61,0.68,0.54,0.72,0.83,0.88,0.88,0.97,0.94,0.93
499,cacher,word,action_words,0.06,0.08,0,0.55,0.3,0.34,0.37,0.38,0.49,0.69,0.62,0.69,0.79,0.89,0.76
500,casser,word,action_words,0.03,0.15,0,0.64,0.42,0.46,0.44,0.52,0.6,0.81,0.84,0.85,0.85,0.94,0.9
501,chanter,word,action_words,0.01,0.08,0,0.18,0.18,0.2,0.27,0.15,0.37,0.5,0.62,0.65,0.76,0.86,0.72
502,chatouiller,word,action_words,0.01,0.04,0,0.09,0.02,0.02,0.15,0.14,0.21,0.21,0.19,0.27,0.35,0.54,0.45
503,conduire,word,action_words,0,0.04,0,0.18,0.05,0.09,0.1,0.1,0.18,0.36,0.28,0.31,0.5,0.6,0.66
504,construire,word,action_words,0,0,0,0.09,0,0,0,0.04,0.07,0.05,0.03,0,0.12,0.17,0.24
505,couper,word,action_words,0.01,0,0,0,0.08,0.09,0.29,0.2,0.32,0.52,0.41,0.62,0.5,0.86,0.62
506,courir,word,action_words,0.01,0,0,0.18,0.22,0.21,0.29,0.27,0.48,0.5,0.62,0.62,0.79,0.91,0.86
507,courir après,word,action_words,0,0.04,0,0.09,0,0,0.1,0.06,0.08,0.1,0.16,0.19,0.21,0.29,0.38
508,couvrir,word,action_words,0,0,0,0,0,0,0.07,0.07,0.08,0.17,0.06,0.15,0.15,0.4,0.34
509,cuisiner,word,action_words,0.03,0,0,0,0,0.02,0.02,0.06,0.08,0.14,0.09,0.12,0.24,0.34,0.14
510,danser,word,action_words,0.09,0.08,0,0.18,0.2,0.29,0.37,0.31,0.45,0.67,0.56,0.65,0.85,0.89,0.76
511,déchirer,word,action_words,0.01,0,0,0.09,0.08,0.04,0.1,0.14,0.14,0.21,0.34,0.35,0.41,0.71,0.59
512,déposer,word,action_words,0,0,0,0,0,0,0.02,0.03,0.04,0,0,0.04,0.06,0.06,0.07
513,dessiner,word,action_words,0.01,0.04,0,0.27,0.05,0.14,0.22,0.25,0.4,0.55,0.38,0.58,0.79,0.83,0.83
514,détester,word,action_words,0,0,0,0.09,0.05,0,0.02,0,0.01,0,0,0,0,0,0.07
515,dire,word,action_words,0.01,0,0,0,0,0.04,0.1,0.1,0.13,0.19,0.28,0.35,0.44,0.6,0.41
516,donner,word,action_words,0.1,0.12,0,0.36,0.12,0.32,0.37,0.37,0.48,0.69,0.62,0.73,0.82,0.83,0.76
517,donner un coup,word,action_words,0.01,0,0,0,0,0.02,0.05,0.03,0.07,0.1,0.09,0.23,0.24,0.29,0.31
518,dormir,word,action_words,0.1,0.04,0,0.18,0.22,0.16,0.24,0.37,0.47,0.57,0.66,0.58,0.76,0.86,0.76
519,éclabousser,word,action_words,0.01,0.04,0,0,0,0,0.07,0.03,0.06,0.12,0.03,0.12,0.09,0.17,0.31
520,écouter,word,action_words,0.01,0.04,0,0.18,0.1,0.21,0.27,0.24,0.36,0.45,0.44,0.62,0.53,0.8,0.76
521,écrire,word,action_words,0.01,0.04,0,0.18,0.18,0.29,0.22,0.21,0.42,0.48,0.56,0.54,0.68,0.86,0.79
522,entendre,word,action_words,0.01,0,0,0.09,0.08,0.12,0.15,0.14,0.18,0.24,0.41,0.46,0.44,0.66,0.52
523,essuyer,word,action_words,0.01,0,0,0.18,0.08,0.11,0.17,0.24,0.33,0.45,0.28,0.54,0.65,0.71,0.59
524,être debout,word,action_words,0.01,0,0,0,0.08,0.05,0.17,0.11,0.17,0.21,0.31,0.35,0.38,0.57,0.48
525,faire,word,action_words,0.01,0.04,0,0,0.08,0.12,0.17,0.21,0.28,0.31,0.34,0.5,0.65,0.83,0.66
526,faire bravo,word,action_words,0.07,0.12,0,0.27,0.22,0.2,0.32,0.24,0.43,0.52,0.59,0.5,0.74,0.74,0.72
527,faire de la peinture,word,action_words,0.01,0,0,0,0.02,0.05,0.17,0.04,0.12,0.21,0.31,0.38,0.53,0.57,0.55
528,faire du patin,word,action_words,0,0.04,0,0,0,0.04,0,0,0.01,0,0.09,0,0.03,0.17,0.14
529,faire du vélo,word,action_words,0.01,0.04,0,0,0.08,0.09,0.15,0.14,0.25,0.38,0.41,0.54,0.71,0.8,0.72
530,faire semblant,word,action_words,0,0,0,0.09,0.02,0,0.02,0.03,0.05,0.05,0.03,0.12,0.06,0.2,0.24
531,faire un bisou,word,action_words,0.06,0.15,0,0.55,0.15,0.2,0.27,0.32,0.46,0.6,0.62,0.62,0.94,0.89,0.83
532,fermer,word,action_words,0.01,0.08,0,0.36,0.22,0.21,0.37,0.35,0.56,0.62,0.56,0.77,0.79,0.91,0.79
533,finir,word,action_words,0.01,0.04,0,0.09,0.08,0.23,0.17,0.25,0.34,0.45,0.41,0.65,0.56,0.8,0.69
534,frapper à la porte,word,action_words,0.01,0.04,0,0.09,0.02,0.05,0.07,0.08,0.13,0.24,0.22,0.15,0.24,0.46,0.52
535,glisser,word,action_words,0,0,0,0.09,0.05,0.09,0.15,0.11,0.16,0.31,0.28,0.38,0.41,0.6,0.55
536,goûter,word,action_words,0.03,0.04,0,0.09,0.1,0.09,0.15,0.15,0.35,0.33,0.34,0.5,0.59,0.8,0.62
537,goutter,word,action_words,0.01,0.08,0,0.09,0.05,0.11,0.24,0.11,0.25,0.36,0.22,0.35,0.35,0.63,0.52
538,grimper,word,action_words,0,0,0,0,0,0.04,0.1,0.06,0.14,0.14,0.12,0.19,0.21,0.43,0.38
539,jeter,word,action_words,0.01,0.08,0,0.18,0.08,0.09,0.2,0.15,0.25,0.43,0.41,0.58,0.59,0.8,0.55
540,jouer,word,action_words,0.03,0.04,0,0.36,0.18,0.16,0.24,0.27,0.44,0.6,0.59,0.73,0.74,0.91,0.86
541,laver,word,action_words,0.03,0.04,0,0.09,0.2,0.14,0.27,0.27,0.37,0.6,0.5,0.69,0.82,0.8,0.86
542,lécher,word,action_words,0,0,0,0,0,0.02,0.07,0.04,0.06,0.17,0.12,0.27,0.26,0.4,0.41
543,lire,word,action_words,0.01,0.04,0,0.27,0.1,0.18,0.24,0.32,0.38,0.57,0.59,0.62,0.74,0.74,0.83
544,manger,word,action_words,0.06,0.12,0,0.45,0.22,0.39,0.44,0.38,0.61,0.74,0.72,0.65,0.88,0.94,0.83
545,marcher,word,action_words,0.01,0.04,0,0.09,0.18,0.21,0.2,0.3,0.38,0.5,0.53,0.58,0.76,0.86,0.76
546,mettre,word,action_words,0.01,0,0,0.27,0.15,0.14,0.2,0.23,0.29,0.31,0.41,0.58,0.62,0.63,0.55
547,montrer,word,action_words,0.01,0.04,0,0,0.02,0.04,0.1,0.1,0.16,0.21,0.19,0.27,0.47,0.66,0.52
548,mordre,word,action_words,0.03,0.04,0,0.09,0.02,0.14,0.22,0.11,0.22,0.43,0.31,0.58,0.62,0.71,0.72
549,nager,word,action_words,0,0.04,0,0.18,0,0.07,0.17,0.15,0.21,0.38,0.41,0.54,0.53,0.6,0.55
550,nettoyer,word,action_words,0.01,0,0,0.18,0.02,0.02,0.15,0.08,0.24,0.33,0.28,0.38,0.47,0.71,0.48
551,nourrir,word,action_words,0.01,0,0,0.09,0.02,0.02,0.02,0.03,0.04,0,0,0.04,0,0.03,0.07
552,ouvrir,word,action_words,0.03,0,0,0.27,0.15,0.21,0.24,0.32,0.47,0.57,0.53,0.69,0.71,0.83,0.72
553,parler,word,action_words,0.01,0.04,0,0,0.05,0.07,0.07,0.14,0.18,0.4,0.41,0.42,0.62,0.77,0.66
554,partager,word,action_words,0,0,0,0,0.05,0.04,0,0.03,0.05,0.07,0.03,0.08,0.09,0.29,0.38
555,penser,word,action_words,0.01,0,0,0,0.02,0,0,0.01,0.04,0.05,0,0.04,0.06,0.17,0.14
556,pleurer,word,action_words,0.03,0.12,0,0.27,0.28,0.32,0.46,0.34,0.55,0.67,0.66,0.73,0.85,0.89,0.9
557,porter,word,action_words,0.03,0.12,0,0.36,0.2,0.25,0.34,0.27,0.38,0.43,0.53,0.58,0.59,0.86,0.72
558,pousser,word,action_words,0.01,0.08,0,0.18,0.1,0.27,0.37,0.37,0.33,0.52,0.38,0.65,0.65,0.69,0.66
559,prendre,word,action_words,0.03,0.04,0,0.09,0.08,0.11,0.1,0.2,0.25,0.38,0.25,0.38,0.59,0.74,0.52
560,prendre dans ses bras,word,action_words,0.04,0,0,0.09,0.02,0.04,0.07,0.08,0.13,0.14,0.16,0.31,0.29,0.46,0.31
561,ramasser,word,action_words,0,0.08,0,0.09,0,0.05,0.12,0.14,0.21,0.26,0.16,0.46,0.5,0.74,0.55
562,recevoir,word,action_words,0,0,0,0.09,0,0.02,0,0.03,0.03,0,0,0.04,0,0.06,0.07
563,regarder,word,action_words,0.07,0.08,0,0.36,0.18,0.23,0.32,0.25,0.44,0.57,0.59,0.5,0.71,0.86,0.79
564,renverser,word,action_words,0.01,0,0,0,0,0,0,0.1,0.09,0.12,0.12,0.31,0.35,0.51,0.45
565,réparer,word,action_words,0,0,0,0,0.02,0.05,0.05,0.1,0.15,0.29,0.22,0.38,0.41,0.66,0.55
566,rester,word,action_words,0,0,0,0,0,0.02,0.07,0.07,0.14,0.24,0.09,0.46,0.44,0.66,0.52
567,s'asseoir,word,action_words,0.01,0.08,0,0.18,0.18,0.23,0.37,0.34,0.42,0.6,0.56,0.58,0.62,0.74,0.86
568,sauter,word,action_words,0.03,0,0,0.18,0.15,0.27,0.27,0.32,0.47,0.62,0.53,0.65,0.74,0.91,0.79
569,se cogner,word,action_words,0.01,0,0,0,0.1,0.09,0.12,0.15,0.18,0.33,0.25,0.31,0.5,0.6,0.62
570,se dépêcher,word,action_words,0,0.04,0,0,0,0,0.05,0.07,0.1,0.07,0.09,0.15,0.26,0.54,0.45
571,se réveiller,word,action_words,0.01,0,0,0.18,0,0.04,0.07,0.13,0.2,0.12,0.16,0.38,0.41,0.54,0.55
572,sécher,word,action_words,0.01,0.08,0,0,0.05,0.02,0.07,0.1,0.14,0.26,0.22,0.31,0.44,0.54,0.45
573,secouer,word,action_words,0,0.04,0,0.09,0.02,0,0,0.04,0.06,0.1,0.03,0.15,0.15,0.4,0.31
574,souffler,word,action_words,0.03,0.08,0,0.18,0.1,0.16,0.24,0.2,0.34,0.57,0.5,0.62,0.65,0.74,0.69
575,souhaiter,word,action_words,0,0,0,0,0,0.02,0.02,0,0.02,0.02,0.03,0,0.03,0.03,0.07
576,sourire,word,action_words,0.01,0,0,0.09,0,0.04,0.05,0.04,0.13,0.1,0.09,0.08,0.26,0.31,0.38
577,taper,word,action_words,0.03,0,0,0.18,0.1,0.14,0.27,0.32,0.38,0.5,0.5,0.54,0.65,0.8,0.76
578,tenir,word,action_words,0.04,0,0,0.18,0.1,0.11,0.12,0.21,0.25,0.33,0.25,0.46,0.44,0.69,0.69
579,tirer,word,action_words,0.01,0,0,0.18,0,0.02,0.07,0.14,0.15,0.24,0.12,0.31,0.44,0.51,0.48
580,tomber,word,action_words,0.09,0.15,0,0.36,0.3,0.38,0.54,0.41,0.55,0.79,0.81,0.73,0.88,0.91,0.93
581,toucher,word,action_words,0.03,0,0,0.09,0.02,0.05,0.12,0.14,0.22,0.38,0.22,0.38,0.5,0.77,0.69
582,travailler,word,action_words,0.03,0,0,0,0.05,0.05,0.1,0.18,0.2,0.4,0.34,0.42,0.53,0.66,0.52
583,trouver,word,action_words,0.01,0.04,0,0,0.08,0.05,0.12,0.18,0.21,0.24,0.28,0.35,0.56,0.63,0.59
584,verser,word,action_words,0,0.04,0,0,0,0,0.05,0.04,0.05,0.17,0.09,0.15,0.21,0.26,0.31
585,voir,word,action_words,0.01,0,0,0.09,0.2,0.12,0.22,0.23,0.3,0.38,0.38,0.38,0.47,0.74,0.72
586,après,word,time_words,0.01,0.04,0,0,0.05,0.07,0.15,0.25,0.21,0.43,0.34,0.46,0.62,0.69,0.76
587,aujourd'hui,word,time_words,0.01,0,0,0,0,0,0.07,0.07,0.12,0.07,0.19,0.12,0.26,0.4,0.34
588,avant,word,time_words,0.01,0,0,0,0,0,0.05,0.03,0.04,0.05,0.06,0.12,0.18,0.23,0.21
589,ce soir,word,time_words,0.01,0,0,0,0.08,0,0.12,0.06,0.11,0.19,0.22,0.5,0.38,0.6,0.38
590,demain,word,time_words,0.03,0,0,0.09,0,0.05,0.12,0.1,0.19,0.4,0.28,0.46,0.5,0.71,0.62
591,heure,word,time_words,0,0,0,0,0,0,0.1,0,0.09,0.05,0.06,0.08,0.21,0.29,0.34
592,hier,word,time_words,0,0.04,0,0.09,0,0,0.02,0.01,0.04,0.02,0.12,0.08,0.12,0.26,0.28
593,jour,word,time_words,0.03,0,0,0,0.05,0.04,0.1,0.03,0.13,0.26,0.22,0.27,0.26,0.6,0.55
594,maintenant,word,time_words,0.01,0,0,0,0.02,0.04,0.17,0.11,0.12,0.19,0.25,0.35,0.32,0.34,0.45
595,matin,word,time_words,0.01,0,0,0,0,0.02,0.1,0.07,0.08,0.17,0.22,0.35,0.44,0.57,0.48
596,nuit,word,time_words,0.01,0,0,0.09,0.12,0.16,0.29,0.24,0.35,0.6,0.44,0.62,0.62,0.8,0.79
597,a fait,word,helping_verbs,0.01,0,0,0.09,0.08,0.07,0.22,0.21,0.19,0.24,0.38,0.38,0.53,0.71,0.59
598,aller,word,helping_verbs,0.01,0.08,0,0.09,0.22,0.2,0.39,0.21,0.28,0.36,0.34,0.5,0.62,0.8,0.69
599,avoir à faire,word,helping_verbs,0,0.04,0,0.09,0.05,0,0.02,0.01,0.01,0,0,0,0,0,0.03
600,avoir besoin de,word,helping_verbs,0,0.04,0,0.09,0.05,0,0.02,0.01,0.02,0,0.09,0.08,0.09,0.17,0.24
601,devoir faire,word,helping_verbs,0,0,0,0,0.05,0,0,0.01,0.02,0,0.03,0.04,0,0,0.07
602,essayer de,word,helping_verbs,0,0,0,0,0,0,0,0.03,0.04,0.07,0.12,0.08,0.21,0.29,0.24
603,est,word,helping_verbs,0.06,0.04,0,0.18,0.15,0.12,0.27,0.24,0.25,0.36,0.28,0.5,0.56,0.63,0.52
604,était,word,helping_verbs,0,0,0,0,0,0,0.02,0.03,0.04,0.02,0.06,0.19,0.06,0.2,0.1
605,être,word,helping_verbs,0,0,0,0.09,0,0,0,0.06,0.04,0,0.09,0.04,0.15,0.17,0.14
606,faire,word,helping_verbs,0.01,0.08,0,0.09,0.08,0.07,0.12,0.13,0.18,0.17,0.34,0.23,0.41,0.51,0.24
607,fait,word,helping_verbs,0.01,0.08,0,0.09,0.1,0.09,0.27,0.21,0.28,0.4,0.41,0.35,0.59,0.6,0.48
608,laisse-moi,word,helping_verbs,0.01,0.08,0,0,0,0.02,0.07,0.14,0.22,0.26,0.25,0.35,0.59,0.63,0.55
609,ne pas,word,helping_verbs,0.01,0.08,0,0.09,0.05,0.12,0.2,0.15,0.15,0.26,0.31,0.15,0.47,0.46,0.34
610,peux,word,helping_verbs,0.01,0.04,0,0,0.15,0.12,0.12,0.08,0.2,0.21,0.25,0.27,0.47,0.57,0.34
611,pourrait,word,helping_verbs,0,0,0,0,0,0,0,0.01,0.02,0.02,0,0,0.03,0.03,0.14
612,sont,word,helping_verbs,0.01,0,0,0,0.02,0.04,0.12,0.03,0.08,0.07,0.16,0.19,0.29,0.29,0.28
613,suis,word,helping_verbs,0.01,0,0,0,0,0.02,0.1,0.03,0.1,0.14,0.16,0.12,0.38,0.49,0.34
614,vouloir,word,helping_verbs,0,0.08,0,0,0.1,0.14,0.15,0.13,0.21,0.14,0.41,0.27,0.38,0.54,0.41
615,comment,word,question_words,0,0,0,0,0,0,0.05,0.03,0.06,0,0.12,0.12,0.29,0.31,0.28
616,le,word,question_words,0.01,0.04,0,0.09,0.02,0.12,0.17,0.2,0.22,0.26,0.22,0.35,0.35,0.4,0.45
617,où,word,question_words,0.06,0.15,0,0.27,0.18,0.3,0.37,0.37,0.51,0.6,0.5,0.73,0.76,0.89,0.76
618,pourquoi,word,question_words,0,0.04,0,0.09,0.02,0.09,0.12,0.1,0.24,0.26,0.25,0.38,0.53,0.71,0.69
619,quand,word,question_words,0,0,0,0,0,0.02,0.05,0,0.03,0.07,0.12,0.19,0.15,0.26,0.38
620,qui,word,question_words,0.01,0.12,0,0.09,0.1,0.09,0.22,0.23,0.28,0.36,0.47,0.46,0.5,0.69,0.59
621,quoi,word,question_words,0.01,0.15,0,0.27,0.15,0.2,0.17,0.32,0.41,0.43,0.47,0.65,0.71,0.83,0.72
622,à ,word,prepositions,0.01,0.12,0,0.27,0.28,0.25,0.34,0.23,0.35,0.55,0.41,0.77,0.76,0.8,0.79
623,à côté de,word,prepositions,0.01,0.04,0,0,0.08,0.09,0.2,0.15,0.19,0.29,0.28,0.38,0.53,0.69,0.59
624,à l'intérieur de,word,prepositions,0,0,0,0,0,0,0,0.04,0.05,0,0.03,0.04,0.06,0,0.1
625,au dessus de,word,prepositions,0.01,0.04,0,0.09,0,0.05,0.05,0.07,0.08,0.12,0.12,0.12,0.29,0.37,0.17
626,au loin,word,prepositions,0,0,0,0,0,0,0,0.01,0.04,0.02,0,0,0.03,0.03,0.17
627,au sommet de,word,prepositions,0,0,0,0,0,0.02,0,0,0.02,0,0,0,0.03,0,0.03
628,au sujet de,word,prepositions,0,0,0,0,0,0,0,0.01,0,0,0,0,0,0,0.03
629,autour de,word,prepositions,0.01,0.04,0,0,0,0.02,0,0.03,0.04,0.05,0.03,0.04,0.03,0.09,0.17
630,avec,word,prepositions,0.01,0.04,0,0.09,0.05,0.11,0.2,0.13,0.22,0.36,0.34,0.46,0.62,0.83,0.66
631,chez,word,prepositions,0,0.08,0,0,0.08,0.09,0.27,0.14,0.25,0.38,0.41,0.46,0.62,0.74,0.48
632,dans,word,prepositions,0.01,0.08,0,0.18,0.22,0.21,0.32,0.39,0.41,0.5,0.31,0.54,0.74,0.89,0.72
633,de,word,prepositions,0.01,0,0,0,0.1,0.09,0.12,0.08,0.15,0.33,0.28,0.42,0.53,0.63,0.55
634,dehors,word,prepositions,0.01,0.08,0,0.27,0.4,0.21,0.39,0.42,0.47,0.57,0.53,0.77,0.82,0.91,0.76
635,derrière,word,prepositions,0.01,0.04,0,0.18,0.05,0.07,0.24,0.11,0.3,0.36,0.34,0.46,0.59,0.8,0.48
636,en bas,word,prepositions,0.04,0.04,0,0.18,0.2,0.11,0.29,0.2,0.29,0.38,0.31,0.58,0.62,0.69,0.52
637,en haut,word,prepositions,0.01,0.08,0,0.09,0.1,0.14,0.32,0.25,0.28,0.45,0.31,0.54,0.65,0.77,0.55
638,ici,word,prepositions,0.01,0.15,0,0.09,0.15,0.16,0.27,0.32,0.42,0.6,0.5,0.62,0.68,0.74,0.62
639,là ,word,prepositions,0.21,0.35,0,0.73,0.7,0.5,0.68,0.58,0.65,0.79,0.78,0.88,0.88,0.83,0.93
640,là -bas,word,prepositions,0.09,0.08,0,0.18,0.38,0.27,0.39,0.37,0.41,0.69,0.44,0.69,0.85,0.74,0.72
641,loin,word,prepositions,0,0.04,0,0.09,0.05,0.09,0.2,0.06,0.2,0.36,0.19,0.5,0.59,0.69,0.48
642,par-dessus,word,prepositions,0.01,0.04,0,0,0,0.04,0.02,0.01,0.07,0.07,0.03,0.04,0.12,0.14,0.14
643,pour,word,prepositions,0,0,0,0.09,0.02,0.09,0.15,0.1,0.19,0.21,0.28,0.38,0.68,0.77,0.62
644,près de,word,prepositions,0.01,0,0,0,0,0,0,0.03,0.05,0.02,0.06,0.12,0.15,0.09,0.24
645,sous,word,prepositions,0.01,0,0,0.09,0.02,0.02,0.1,0.11,0.2,0.21,0.16,0.27,0.47,0.6,0.52
646,sur,word,prepositions,0.01,0.04,0,0.09,0.02,0.09,0.2,0.13,0.24,0.5,0.31,0.54,0.65,0.74,0.59
647,vers,word,prepositions,0,0,0,0,0,0.02,0.02,0.04,0.04,0.02,0.06,0.15,0.12,0.2,0.21
648,aucun,word,quantifiers,0.01,0.04,0,0,0.02,0,0,0,0.02,0.07,0.06,0,0.03,0.09,0.17
649,aussi,word,quantifiers,0.01,0,0,0,0.08,0.11,0.27,0.13,0.25,0.26,0.31,0.5,0.65,0.69,0.55
650,autre,word,quantifiers,0,0.08,0,0,0.08,0.07,0.2,0.11,0.18,0.31,0.28,0.42,0.47,0.46,0.38
651,chaque,word,quantifiers,0,0,0,0.09,0,0,0,0.03,0.02,0,0,0,0,0.06,0.21
652,du,word,quantifiers,0.01,0.04,0,0.09,0.02,0.12,0.2,0.15,0.25,0.31,0.31,0.42,0.44,0.69,0.59
653,encore,word,quantifiers,0.21,0.35,0,0.55,0.72,0.75,0.78,0.69,0.8,0.88,0.88,0.96,0.94,1,0.97
654,le,word,quantifiers,0.01,0,0,0.09,0.05,0.09,0.17,0.17,0.3,0.19,0.28,0.38,0.44,0.54,0.52
655,le,word,quantifiers,0.03,0.04,0,0.18,0.08,0.16,0.27,0.3,0.35,0.36,0.34,0.62,0.53,0.86,0.55
656,pas,word,quantifiers,0.13,0.19,0,0.36,0.48,0.52,0.71,0.59,0.68,0.79,0.84,0.77,0.88,0.94,0.93
657,plein,word,quantifiers,0.01,0,0,0.18,0.1,0.18,0.29,0.14,0.35,0.55,0.56,0.65,0.65,0.83,0.76
658,tous,word,quantifiers,0.01,0,0,0.09,0.05,0.11,0.22,0.14,0.21,0.38,0.31,0.54,0.47,0.69,0.52
659,un autre,word,quantifiers,0.01,0.08,0,0.09,0.15,0.12,0.37,0.27,0.38,0.57,0.5,0.54,0.62,0.71,0.59
660,un peu,word,quantifiers,0.03,0,0,0.09,0.08,0.12,0.37,0.25,0.35,0.45,0.47,0.65,0.68,0.77,0.66
661,un,word,quantifiers,0.01,0,0,0.18,0.08,0.12,0.22,0.28,0.3,0.36,0.38,0.5,0.65,0.83,0.59
662,à elle,word,pronouns,0.01,0,0,0.09,0.02,0.11,0.07,0.17,0.18,0.26,0.22,0.42,0.44,0.69,0.45
663,à lui,word,pronouns,0.03,0,0,0.09,0.02,0.07,0.05,0.24,0.15,0.24,0.19,0.27,0.44,0.66,0.38
664,à moi,word,pronouns,0.04,0.12,0,0.18,0.18,0.21,0.39,0.34,0.58,0.62,0.53,0.85,0.74,0.86,0.86
665,ça,word,pronouns,0.13,0.31,0,0.64,0.32,0.32,0.37,0.42,0.43,0.48,0.44,0.65,0.76,0.74,0.76
666,ces,word,pronouns,0.01,0,0,0,0.02,0,0,0.01,0.04,0.02,0.03,0.12,0.15,0.14,0.21
667,ceux,word,pronouns,0.01,0,0,0,0,0,0,0.06,0.02,0.02,0,0.08,0.06,0.03,0.1
668,elle,word,pronouns,0.01,0,0,0.09,0,0.11,0.07,0.07,0.15,0.17,0.25,0.42,0.41,0.54,0.45
669,eux,word,pronouns,0,0,0,0,0,0,0,0.03,0.05,0.02,0.06,0.08,0.15,0.17,0.28
670,il,word,pronouns,0.01,0,0,0.09,0.02,0.12,0.12,0.08,0.2,0.21,0.38,0.42,0.44,0.6,0.41
671,ils,word,pronouns,0.01,0,0,0,0,0.02,0.02,0.03,0.04,0.07,0.22,0.19,0.21,0.26,0.24
672,je,word,pronouns,0.01,0.04,0,0,0.02,0.09,0.07,0.15,0.17,0.24,0.25,0.27,0.5,0.51,0.41
673,leur,word,pronouns,0,0,0,0,0,0,0,0,0.01,0,0.03,0.08,0.09,0.06,0.14
674,lui,word,pronouns,0.01,0,0,0,0,0,0.02,0.07,0.1,0.19,0.12,0.27,0.35,0.4,0.45
675,ma,word,pronouns,0.03,0.08,0,0,0.1,0.07,0.27,0.21,0.27,0.43,0.22,0.46,0.56,0.6,0.55
676,moi,word,pronouns,0.07,0.12,0,0.18,0.2,0.34,0.29,0.38,0.51,0.64,0.5,0.73,0.71,0.8,0.83
677,moi-même,word,pronouns,0,0,0,0,0,0,0,0.01,0.02,0.02,0,0,0.03,0,0.1
678,notre,word,pronouns,0,0,0,0,0,0,0.02,0.01,0.05,0,0.03,0.04,0.12,0.09,0.17
679,nous,word,pronouns,0.01,0,0,0,0,0.02,0,0.03,0.05,0.12,0.03,0.12,0.24,0.34,0.28
680,on,word,pronouns,0.01,0,0,0.09,0,0.02,0.05,0.06,0.05,0.1,0.12,0.19,0.26,0.34,0.41
681,ses,word,pronouns,0.01,0,0,0.09,0.02,0,0,0.04,0.09,0.07,0.03,0.23,0.26,0.23,0.28
682,toi-même,word,pronouns,0.01,0,0,0,0,0,0,0,0.02,0.02,0.03,0.04,0.03,0.06,0.07
683,votre,word,pronouns,0,0,0,0,0,0.02,0.05,0.07,0.09,0.17,0.16,0.23,0.26,0.37,0.38
684,vous,word,pronouns,0.01,0,0,0,0,0.02,0.07,0.07,0.1,0.21,0.22,0.35,0.41,0.46,0.31
685,alors,word,connecting_words,0.01,0,0,0,0.18,0.12,0.12,0.11,0.17,0.17,0.25,0.35,0.35,0.46,0.24
686,donc,word,connecting_words,0,0,0,0,0,0,0.02,0.01,0.03,0,0.03,0,0.12,0.06,0.1
687,et,word,connecting_words,0.03,0,0,0,0.05,0.05,0.27,0.18,0.23,0.36,0.22,0.35,0.5,0.69,0.62
688,mais,word,connecting_words,0.07,0.04,0,0.09,0.08,0.05,0.12,0.1,0.12,0.19,0.16,0.19,0.38,0.46,0.34
689,parce que,word,connecting_words,0,0,0,0.09,0,0.02,0.02,0.06,0.05,0.05,0.16,0.27,0.32,0.43,0.45
690,si,word,connecting_words,0.01,0.04,0,0,0.12,0.07,0.15,0.1,0.14,0.29,0.25,0.35,0.35,0.34,0.48
116,bavette,word,clothing,0.04,0.04,0,0.18,0.38,0.38,0.22,0.45,0.49,0.6,0.59,0.58,0.65,0.63,0.69
123,pantoufle,word,clothing,0.12,0.12,0,0.64,0.52,0.57,0.66,0.61,0.72,0.81,0.78,0.92,0.94,0.94,0.97
130,slip,word,clothing,0.01,0.08,0,0.09,0.28,0.3,0.44,0.41,0.51,0.67,0.5,0.65,0.82,0.91,1
170,route,word,outside,0.01,0,0,0.09,0.05,0,0.12,0.27,0.27,0.33,0.44,0.38,0.62,0.77,0.62
250,pièces,word,household,0,0.04,0,0.45,0.18,0.07,0.22,0.21,0.28,0.4,0.41,0.46,0.5,0.69,0.52
267,visage,word,body_parts,0.01,0.04,0,0.09,0.05,0.14,0.15,0.21,0.28,0.57,0.38,0.42,0.5,0.74,0.62
278,zizi,word,body_parts,0.07,0.15,0,0.27,0.35,0.29,0.44,0.52,0.52,0.67,0.59,0.65,0.68,0.71,0.59
282,zezette,word,body_parts,0.04,0.04,0,0.27,0.02,0.12,0.12,0.13,0.23,0.33,0.12,0.31,0.24,0.29,0.14
393,copine,word,people,0.01,0,0,0.18,0.22,0.07,0.2,0.25,0.27,0.4,0.38,0.38,0.62,0.66,0.66
405,maîtresse,word,people,0,0,0,0,0,0,0.02,0,0.05,0.02,0.03,0.12,0.18,0.34,0.38
424,belle,word,descriptive_words,0.03,0.04,0,0.09,0.42,0.34,0.37,0.45,0.52,0.67,0.59,0.65,0.74,0.74,0.79
426,blanche,word,descriptive_words,0.01,0,0,0,0.05,0.02,0.07,0.15,0.14,0.24,0.31,0.35,0.5,0.49,0.69
429,bonne,word,descriptive_words,0.06,0.12,0,0.27,0.32,0.32,0.49,0.45,0.48,0.6,0.62,0.73,0.71,0.86,0.9
430,bruyante,word,descriptive_words,0,0,0,0.09,0,0,0.05,0.06,0.03,0.05,0.03,0.04,0.03,0.09,0.07
432,chaude,word,descriptive_words,0.12,0.23,0,0.64,0.57,0.68,0.68,0.73,0.77,0.95,0.84,0.81,0.91,0.94,1
434,collante,word,descriptive_words,0.01,0,0,0.09,0.02,0.04,0.07,0.1,0.13,0.21,0.16,0.27,0.26,0.31,0.38
435,contente,word,descriptive_words,0.01,0,0,0.18,0.02,0.09,0.17,0.18,0.24,0.31,0.34,0.38,0.41,0.71,0.66
436,coquine,word,descriptive_words,0,0.04,0,0.18,0.3,0.23,0.29,0.31,0.35,0.5,0.38,0.54,0.71,0.77,0.72
437,dégoutante,word,descriptive_words,0,0,0,0.09,0,0.05,0.05,0.1,0.09,0.02,0.06,0.19,0.18,0.23,0.28
438,derniere,word,descriptive_words,0,0,0,0,0.05,0,0.02,0.04,0.09,0.05,0.16,0.23,0.21,0.23,0.31
439,douce,word,descriptive_words,0.04,0,0,0.27,0.12,0.23,0.37,0.39,0.4,0.4,0.34,0.46,0.59,0.77,0.79
444,forte,word,descriptive_words,0.01,0,0,0,0,0.04,0,0.1,0.12,0.24,0.31,0.31,0.26,0.46,0.48
445,folle,word,descriptive_words,0.01,0,0,0,0.02,0.05,0.07,0.08,0.11,0.1,0.19,0.31,0.32,0.2,0.28
447,gentille,word,descriptive_words,0.01,0,0,0.09,0.08,0.12,0.34,0.21,0.34,0.6,0.47,0.54,0.65,0.71,0.76
448,grande,word,descriptive_words,0.01,0,0,0.09,0.15,0.16,0.2,0.28,0.32,0.62,0.59,0.65,0.71,0.91,0.69
449,haute,word,descriptive_words,0.01,0.04,0,0.09,0.05,0.11,0.17,0.13,0.21,0.31,0.25,0.35,0.44,0.6,0.45
452,lente,word,descriptive_words,0,0,0,0,0,0.02,0,0.01,0.02,0,0.03,0.12,0.03,0.06,0.17
453,longue,word,descriptive_words,0.01,0,0,0,0,0,0,0.06,0.05,0.05,0.09,0.19,0.12,0.29,0.28
454,lourde,word,descriptive_words,0.01,0.04,0,0.27,0.12,0.27,0.32,0.35,0.46,0.71,0.53,0.69,0.68,0.83,0.83
457,méchante,word,descriptive_words,0.01,0.04,0,0.09,0.05,0.16,0.2,0.2,0.31,0.4,0.44,0.46,0.59,0.83,0.72
459,mignonne,word,descriptive_words,0.01,0,0,0.09,0.05,0.05,0.1,0.07,0.04,0.17,0.19,0.15,0.24,0.37,0.31
462,neuve,word,descriptive_words,0,0,0,0,0,0.02,0.02,0.04,0.04,0.07,0.12,0.15,0.21,0.26,0.34
467,petite,word,descriptive_words,0.03,0,0,0.09,0.18,0.23,0.39,0.31,0.41,0.64,0.53,0.69,0.74,0.89,0.72
468,pleine,word,descriptive_words,0.01,0,0,0,0.05,0.05,0.15,0.11,0.17,0.19,0.22,0.35,0.21,0.51,0.45
469,première,word,descriptive_words,0,0.04,0,0,0,0.02,0.05,0.04,0.04,0.05,0.03,0.15,0.18,0.29,0.34
473,seche,word,descriptive_words,0.01,0,0,0,0.08,0,0.12,0.17,0.12,0.31,0.25,0.27,0.44,0.69,0.59
479,verte,word,descriptive_words,0.01,0,0,0,0.1,0.05,0.22,0.25,0.28,0.33,0.41,0.46,0.56,0.57,0.79
481,vieille,word,descriptive_words,0,0,0,0,0,0.04,0.02,0.03,0.05,0.02,0.12,0.12,0.18,0.31,0.31
482,vilaine,word,descriptive_words,0,0.04,0,0,0.05,0.14,0.12,0.08,0.2,0.36,0.31,0.46,0.65,0.63,0.62
529,faire du moto,word,action_words,0.01,0.04,0,0,0.08,0.09,0.15,0.14,0.25,0.38,0.41,0.54,0.71,0.8,0.72
616,le,word,question_words,0.01,0.04,0,0.09,0.02,0.12,0.17,0.2,0.22,0.26,0.22,0.35,0.35,0.4,0.45
648,aucune,word,quantifiers,0.01,0.04,0,0,0.02,0,0,0,0.02,0.07,0.06,0,0.03,0.09,0.17
652,du,word,quantifiers,0.01,0.04,0,0.09,0.02,0.12,0.2,0.15,0.25,0.31,0.31,0.42,0.44,0.69,0.59
654,la même,word,quantifiers,0.01,0,0,0.09,0.05,0.09,0.17,0.17,0.3,0.19,0.28,0.38,0.44,0.54,0.52
655,le,word,quantifiers,0.03,0.04,0,0.18,0.08,0.16,0.27,0.3,0.35,0.36,0.34,0.62,0.53,0.86,0.55
657,beaucoup,word,quantifiers,0.01,0,0,0.18,0.1,0.18,0.29,0.14,0.35,0.55,0.56,0.65,0.65,0.83,0.76
658,tout,word,quantifiers,0.01,0,0,0.09,0.05,0.11,0.22,0.14,0.21,0.38,0.31,0.54,0.47,0.69,0.52
661,une,word,quantifiers,0.01,0,0,0.18,0.08,0.12,0.22,0.28,0.3,0.36,0.38,0.5,0.65,0.83,0.59
662,à sa,word,pronouns,0.01,0,0,0.09,0.02,0.11,0.07,0.17,0.18,0.26,0.22,0.42,0.44,0.69,0.45
663,à son,word,pronouns,0.03,0,0,0.09,0.02,0.07,0.05,0.24,0.15,0.24,0.19,0.27,0.44,0.66,0.38
671,elles,word,pronouns,0.01,0,0,0,0,0.02,0.02,0.03,0.04,0.07,0.22,0.19,0.21,0.26,0.24
675,mon,word,pronouns,0.03,0.08,0,0,0.1,0.07,0.27,0.21,0.27,0.43,0.22,0.46,0.56,0.6,0.55
683,ta,word,pronouns,0,0,0,0,0,0.02,0.05,0.07,0.09,0.17,0.16,0.23,0.26,0.37,0.38
684,tu,word,pronouns,0.01,0,0,0,0,0.02,0.07,0.07,0.1,0.21,0.22,0.35,0.41,0.46,0.31
655,la même,word,quantifiers,0.03,0.04,0,0.18,0.08,0.16,0.27,0.3,0.35,0.36,0.34,0.62,0.53,0.86,0.55
655,les,word,quantifiers,0.03,0.04,0,0.18,0.08,0.16,0.27,0.3,0.35,0.36,0.34,0.62,0.53,0.86,0.55
655,quelles,word,quantifiers,0.03,0.04,0,0.18,0.08,0.16,0.27,0.3,0.35,0.36,0.34,0.62,0.53,0.86,0.55
652,de la,word,quantifiers,0.01,0.04,0,0.09,0.02,0.12,0.2,0.15,0.25,0.31,0.31,0.42,0.44,0.69,0.59
652,des,word,quantifiers,0.01,0.04,0,0.09,0.02,0.12,0.2,0.15,0.25,0.31,0.31,0.42,0.44,0.69,0.59
675,mes,word,pronouns,0.03,0.08,0,0,0.1,0.07,0.27,0.21,0.27,0.43,0.22,0.46,0.56,0.6,0.55
683,ton,word,pronouns,0,0,0,0,0,0.02,0.05,0.07,0.09,0.17,0.16,0.23,0.26,0.37,0.38
